Federal Entitlement,Fed/State & Fed only,,,,,,,,,,,,,,,,,,,,,,,,,,,,,
Indeterminate/Unknown includes enrolments for which the information is inconclusive,,,,,,,,,,,,,,,,,,,,,,,,,,,,,,
,,,,,,,,,,,,,,,,,,,,,,,,,,,,,,
"Elector Count by Division, Age Groups and Gender for all States/Territories",,,,,,,,,,,,,,,,,,,,,,,,,,,,,,
,,,,,,,,,,,,,,,,,,,,,,,,,,,,,,
As on the Certified Lists for 21 May 2022,,,,,,,,,,,,,,,,,,,,,,,,,,,,,,
,,,,,,,,,,,,,,,,,,,,,,,,,,,,,,
,18-19,20-24,25-29,30-34,35-39,40-44,45-49,50-54,55-59,60-64,65-69,70+,TOTAL,,,,,,,,,,,,,,,,,
NSW," 133,694 "," 401,838 "," 418,542 "," 440,071 "," 471,024 "," 457,218 "," 455,270 "," 461,390 "," 438,806 "," 439,807 "," 390,187 "," 964,622 "," 5,472,469 ",,,,,,,,,,,,,,,,,
BANKS                    ," 2,829 "," 8,184 "," 7,792 "," 8,093 "," 8,830 "," 8,905 "," 8,981 "," 9,326 "," 9,224 "," 9,068 "," 7,536 "," 19,018 "," 107,786 ",,,,,,,,,,,,,,,,,
Female," 1,418 "," 4,070 "," 3,727 "," 4,041 "," 4,423 "," 4,575 "," 4,688 "," 4,862 "," 4,693 "," 4,607 "," 3,870 "," 10,575 "," 55,549 ",,,,,,,,,,,,,,,,,
Male," 1,405 "," 4,104 "," 4,058 "," 4,050 "," 4,402 "," 4,327 "," 4,288 "," 4,464 "," 4,531 "," 4,459 "," 3,665 "," 8,442 "," 52,195 ",,,,,,,,,,,,,,,,,
Indeterminate/Unknown, 6 , 10 , 7 , 2 , 5 , 3 , 5 , - , - , 2 , 1 , 1 , 42 ,,,,,,,,,,,,,,,,,
BARTON                   ," 2,324 "," 7,700 "," 8,851 "," 9,856 "," 10,521 "," 9,647 "," 9,470 "," 9,532 "," 8,942 "," 7,982 "," 6,918 "," 18,741 "," 110,484 ",,,,,,,,,,,,,,,,,
Female," 1,122 "," 3,818 "," 4,298 "," 4,861 "," 5,221 "," 4,726 "," 4,803 "," 4,882 "," 4,524 "," 4,070 "," 3,583 "," 10,071 "," 55,979 ",,,,,,,,,,,,,,,,,
Male," 1,195 "," 3,865 "," 4,539 "," 4,984 "," 5,293 "," 4,914 "," 4,664 "," 4,647 "," 4,415 "," 3,908 "," 3,334 "," 8,668 "," 54,426 ",,,,,,,,,,,,,,,,,
Indeterminate/Unknown, 7 , 17 , 14 , 11 , 7 , 7 , 3 , 3 , 3 , 4 , 1 , 2 , 79 ,,,,,,,,,,,,,,,,,
BENNELONG                ," 2,946 "," 8,803 "," 9,357 "," 9,641 "," 10,876 "," 10,530 "," 9,682 "," 9,501 "," 9,367 "," 8,710 "," 7,535 "," 18,082 "," 115,030 ",,,,,,,,,,,,,,,,,
Female," 1,490 "," 4,199 "," 4,413 "," 4,640 "," 5,341 "," 5,234 "," 4,915 "," 4,974 "," 4,813 "," 4,514 "," 3,940 "," 9,941 "," 58,414 ",,,,,,,,,,,,,,,,,
Male," 1,445 "," 4,584 "," 4,920 "," 4,992 "," 5,531 "," 5,291 "," 4,764 "," 4,525 "," 4,552 "," 4,193 "," 3,594 "," 8,140 "," 56,531 ",,,,,,,,,,,,,,,,,
Indeterminate/Unknown, 11 , 20 , 24 , 9 , 4 , 5 , 3 , 2 , 2 , 3 , 1 , 1 , 85 ,,,,,,,,,,,,,,,,,
BEROWRA                  ," 3,371 "," 8,671 "," 6,187 "," 5,665 "," 7,201 "," 9,144 "," 10,132 "," 10,305 "," 9,487 "," 9,085 "," 7,609 "," 19,346 "," 106,203 ",,,,,,,,,,,,,,,,,
Female," 1,671 "," 4,061 "," 2,817 "," 2,814 "," 3,705 "," 4,834 "," 5,118 "," 5,370 "," 4,877 "," 4,612 "," 3,870 "," 10,349 "," 54,098 ",,,,,,,,,,,,,,,,,
Male," 1,690 "," 4,600 "," 3,365 "," 2,850 "," 3,491 "," 4,309 "," 5,012 "," 4,933 "," 4,609 "," 4,472 "," 3,738 "," 8,995 "," 52,064 ",,,,,,,,,,,,,,,,,
Indeterminate/Unknown, 10 , 10 , 5 , 1 , 5 , 1 , 2 , 2 , 1 , 1 , 1 , 2 , 41 ,,,,,,,,,,,,,,,,,
BLAXLAND                 ," 2,920 "," 9,374 "," 9,405 "," 9,371 "," 9,786 "," 9,031 "," 8,666 "," 8,849 "," 8,430 "," 8,542 "," 7,122 "," 15,852 "," 107,348 ",,,,,,,,,,,,,,,,,
Female," 1,426 "," 4,637 "," 4,708 "," 4,833 "," 4,900 "," 4,458 "," 4,303 "," 4,432 "," 4,128 "," 4,207 "," 3,595 "," 8,307 "," 53,934 ",,,,,,,,,,,,,,,,,
Male," 1,488 "," 4,733 "," 4,692 "," 4,533 "," 4,883 "," 4,570 "," 4,360 "," 4,415 "," 4,300 "," 4,334 "," 3,527 "," 7,544 "," 53,379 ",,,,,,,,,,,,,,,,,
Indeterminate/Unknown, 6 , 4 , 5 , 5 , 3 , 3 , 3 , 2 , 2 , 1 , - , 1 , 35 ,,,,,,,,,,,,,,,,,
BRADFIELD                ," 3,543 "," 8,716 "," 6,175 "," 5,642 "," 7,814 "," 10,030 "," 10,259 "," 10,707 "," 9,338 "," 8,239 "," 6,769 "," 21,341 "," 108,573 ",,,,,,,,,,,,,,,,,
Female," 1,729 "," 4,173 "," 2,876 "," 2,789 "," 4,115 "," 5,182 "," 5,378 "," 5,638 "," 4,757 "," 4,181 "," 3,541 "," 11,839 "," 56,198 ",,,,,,,,,,,,,,,,,
Male," 1,806 "," 4,531 "," 3,292 "," 2,849 "," 3,694 "," 4,847 "," 4,878 "," 5,068 "," 4,581 "," 4,056 "," 3,227 "," 9,501 "," 52,330 ",,,,,,,,,,,,,,,,,
Indeterminate/Unknown, 8 , 12 , 7 , 4 , 5 , 1 , 3 , 1 , - , 2 , 1 , 1 , 45 ,,,,,,,,,,,,,,,,,
CALARE                   ," 3,024 "," 8,623 "," 8,864 "," 9,598 "," 9,397 "," 8,845 "," 9,388 "," 10,320 "," 10,033 "," 10,511 "," 9,299 "," 23,662 "," 121,564 ",,,,,,,,,,,,,,,,,
Female," 1,470 "," 4,175 "," 4,449 "," 4,865 "," 4,730 "," 4,476 "," 4,753 "," 5,237 "," 5,094 "," 5,232 "," 4,652 "," 12,606 "," 61,739 ",,,,,,,,,,,,,,,,,
Male," 1,545 "," 4,435 "," 4,405 "," 4,728 "," 4,662 "," 4,367 "," 4,634 "," 5,077 "," 4,936 "," 5,278 "," 4,646 "," 11,051 "," 59,764 ",,,,,,,,,,,,,,,,,
Indeterminate/Unknown, 9 , 13 , 10 , 5 , 5 , 2 , 1 , 6 , 3 , 1 , 1 , 5 , 61 ,,,,,,,,,,,,,,,,,
CHIFLEY                  ," 3,180 "," 10,861 "," 10,810 "," 11,719 "," 14,101 "," 12,252 "," 10,226 "," 9,704 "," 8,915 "," 8,342 "," 6,956 "," 14,319 "," 121,385 ",,,,,,,,,,,,,,,,,
Female," 1,624 "," 5,342 "," 5,423 "," 6,089 "," 7,104 "," 5,879 "," 5,041 "," 4,866 "," 4,533 "," 4,178 "," 3,658 "," 7,800 "," 61,537 ",,,,,,,,,,,,,,,,,
Male," 1,550 "," 5,508 "," 5,379 "," 5,625 "," 6,991 "," 6,373 "," 5,185 "," 4,835 "," 4,380 "," 4,164 "," 3,295 "," 6,515 "," 59,800 ",,,,,,,,,,,,,,,,,
Indeterminate/Unknown, 6 , 11 , 8 , 5 , 6 , - , - , 3 , 2 , - , 3 , 4 , 48 ,,,,,,,,,,,,,,,,,
COOK                     ," 2,715 "," 7,874 "," 8,038 "," 7,990 "," 8,546 "," 8,692 "," 9,490 "," 9,836 "," 9,102 "," 8,705 "," 7,614 "," 21,711 "," 110,313 ",,,,,,,,,,,,,,,,,
Female," 1,308 "," 3,925 "," 3,971 "," 4,133 "," 4,337 "," 4,404 "," 4,841 "," 5,057 "," 4,638 "," 4,477 "," 4,008 "," 12,057 "," 57,156 ",,,,,,,,,,,,,,,,,
Male," 1,399 "," 3,940 "," 4,061 "," 3,854 "," 4,203 "," 4,284 "," 4,648 "," 4,777 "," 4,464 "," 4,224 "," 3,606 "," 9,652 "," 53,112 ",,,,,,,,,,,,,,,,,
Indeterminate/Unknown, 8 , 9 , 6 , 3 , 6 , 4 , 1 , 2 , - , 4 , - , 2 , 45 ,,,,,,,,,,,,,,,,,
COWPER                   ," 2,795 "," 7,729 "," 7,786 "," 8,194 "," 8,418 "," 8,478 "," 9,263 "," 10,280 "," 10,594 "," 12,286 "," 12,079 "," 31,985 "," 129,887 ",,,,,,,,,,,,,,,,,
Female," 1,405 "," 3,834 "," 3,868 "," 4,119 "," 4,377 "," 4,358 "," 4,819 "," 5,344 "," 5,615 "," 6,502 "," 6,121 "," 17,160 "," 67,522 ",,,,,,,,,,,,,,,,,
Male," 1,382 "," 3,875 "," 3,912 "," 4,070 "," 4,040 "," 4,114 "," 4,440 "," 4,933 "," 4,976 "," 5,780 "," 5,955 "," 14,822 "," 62,299 ",,,,,,,,,,,,,,,,,
Indeterminate/Unknown, 8 , 20 , 6 , 5 , 1 , 6 , 4 , 3 , 3 , 4 , 3 , 3 , 66 ,,,,,,,,,,,,,,,,,
CUNNINGHAM               ," 3,160 "," 10,683 "," 9,587 "," 9,184 "," 9,083 "," 9,107 "," 9,611 "," 9,453 "," 9,345 "," 9,361 "," 7,976 "," 20,759 "," 117,309 ",,,,,,,,,,,,,,,,,
Female," 1,616 "," 5,428 "," 4,573 "," 4,563 "," 4,638 "," 4,551 "," 4,796 "," 4,786 "," 4,717 "," 4,769 "," 4,176 "," 11,413 "," 60,026 ",,,,,,,,,,,,,,,,,
Male," 1,523 "," 5,228 "," 5,005 "," 4,610 "," 4,441 "," 4,555 "," 4,813 "," 4,665 "," 4,626 "," 4,591 "," 3,799 "," 9,346 "," 57,202 ",,,,,,,,,,,,,,,,,
Indeterminate/Unknown, 21 , 27 , 9 , 11 , 4 , 1 , 2 , 2 , 2 , 1 , 1 , - , 81 ,,,,,,,,,,,,,,,,,
DOBELL                   ," 2,916 "," 8,718 "," 9,148 "," 9,375 "," 9,378 "," 9,284 "," 9,424 "," 9,776 "," 9,264 "," 9,338 "," 8,580 "," 23,380 "," 118,581 ",,,,,,,,,,,,,,,,,
Female," 1,459 "," 4,341 "," 4,614 "," 4,756 "," 4,729 "," 4,698 "," 4,836 "," 4,999 "," 4,761 "," 4,939 "," 4,558 "," 13,061 "," 61,751 ",,,,,,,,,,,,,,,,,
Male," 1,443 "," 4,366 "," 4,525 "," 4,616 "," 4,646 "," 4,585 "," 4,585 "," 4,775 "," 4,503 "," 4,399 "," 4,020 "," 10,317 "," 56,780 ",,,,,,,,,,,,,,,,,
Indeterminate/Unknown, 14 , 11 , 9 , 3 , 3 , 1 , 3 , 2 , - , - , 2 , 2 , 50 ,,,,,,,,,,,,,,,,,
EDEN-MONARO              ," 2,294 "," 6,659 "," 7,112 "," 8,506 "," 9,008 "," 8,747 "," 9,576 "," 10,757 "," 10,546 "," 11,223 "," 10,240 "," 21,800 "," 116,468 ",,,,,,,,,,,,,,,,,
Female," 1,147 "," 3,266 "," 3,619 "," 4,382 "," 4,632 "," 4,517 "," 4,819 "," 5,551 "," 5,328 "," 5,619 "," 5,052 "," 11,140 "," 59,072 ",,,,,,,,,,,,,,,,,
Male," 1,131 "," 3,378 "," 3,483 "," 4,116 "," 4,372 "," 4,224 "," 4,755 "," 5,202 "," 5,215 "," 5,599 "," 5,186 "," 10,659 "," 57,320 ",,,,,,,,,,,,,,,,,
Indeterminate/Unknown, 16 , 15 , 10 , 8 , 4 , 6 , 2 , 4 , 3 , 5 , 2 , 1 , 76 ,,,,,,,,,,,,,,,,,
FARRER                   ," 2,701 "," 8,208 "," 8,157 "," 8,175 "," 8,249 "," 8,271 "," 8,846 "," 9,677 "," 9,960 "," 11,108 "," 10,274 "," 25,738 "," 119,364 ",,,,,,,,,,,,,,,,,
Female," 1,430 "," 4,084 "," 3,989 "," 4,161 "," 4,249 "," 4,233 "," 4,548 "," 4,936 "," 5,127 "," 5,612 "," 5,183 "," 13,578 "," 61,130 ",,,,,,,,,,,,,,,,,
Male," 1,266 "," 4,109 "," 4,165 "," 4,011 "," 3,997 "," 4,035 "," 4,296 "," 4,737 "," 4,829 "," 5,495 "," 5,090 "," 12,159 "," 58,189 ",,,,,,,,,,,,,,,,,
Indeterminate/Unknown, 5 , 15 , 3 , 3 , 3 , 3 , 2 , 4 , 4 , 1 , 1 , 1 , 45 ,,,,,,,,,,,,,,,,,
FOWLER                   ," 2,865 "," 8,963 "," 9,318 "," 8,265 "," 8,155 "," 8,260 "," 8,626 "," 9,341 "," 9,335 "," 9,818 "," 8,473 "," 17,098 "," 108,517 ",,,,,,,,,,,,,,,,,
Female," 1,443 "," 4,485 "," 4,477 "," 4,064 "," 4,152 "," 4,318 "," 4,427 "," 4,841 "," 4,567 "," 4,871 "," 4,440 "," 9,034 "," 55,119 ",,,,,,,,,,,,,,,,,
Male," 1,416 "," 4,474 "," 4,837 "," 4,199 "," 4,000 "," 3,936 "," 4,191 "," 4,498 "," 4,766 "," 4,944 "," 4,033 "," 8,063 "," 53,357 ",,,,,,,,,,,,,,,,,
Indeterminate/Unknown, 6 , 4 , 4 , 2 , 3 , 6 , 8 , 2 , 2 , 3 , - , 1 , 41 ,,,,,,,,,,,,,,,,,
GILMORE                  ," 2,329 "," 6,968 "," 7,379 "," 7,758 "," 8,010 "," 7,806 "," 8,431 "," 9,439 "," 10,451 "," 12,997 "," 13,097 "," 33,124 "," 127,789 ",,,,,,,,,,,,,,,,,
Female," 1,142 "," 3,336 "," 3,597 "," 3,924 "," 4,023 "," 3,889 "," 4,245 "," 4,822 "," 5,455 "," 6,781 "," 6,763 "," 17,265 "," 65,242 ",,,,,,,,,,,,,,,,,
Male," 1,175 "," 3,617 "," 3,775 "," 3,828 "," 3,981 "," 3,917 "," 4,184 "," 4,613 "," 4,989 "," 6,213 "," 6,332 "," 15,856 "," 62,480 ",,,,,,,,,,,,,,,,,
Indeterminate/Unknown, 12 , 15 , 7 , 6 , 6 , - , 2 , 4 , 7 , 3 , 2 , 3 , 67 ,,,,,,,,,,,,,,,,,
GRAYNDLER                ," 2,058 "," 7,110 "," 10,923 "," 12,293 "," 11,852 "," 10,738 "," 10,360 "," 9,776 "," 8,261 "," 7,038 "," 5,894 "," 13,624 "," 109,927 ",,,,,,,,,,,,,,,,,
Female, 994 ," 3,688 "," 5,662 "," 6,210 "," 5,975 "," 5,467 "," 5,313 "," 4,987 "," 4,166 "," 3,652 "," 3,118 "," 7,531 "," 56,763 ",,,,,,,,,,,,,,,,,
Male," 1,047 "," 3,364 "," 5,201 "," 6,044 "," 5,857 "," 5,258 "," 5,042 "," 4,780 "," 4,093 "," 3,383 "," 2,775 "," 6,090 "," 52,934 ",,,,,,,,,,,,,,,,,
Indeterminate/Unknown, 17 , 58 , 60 , 39 , 20 , 13 , 5 , 9 , 2 , 3 , 1 , 3 , 230 ,,,,,,,,,,,,,,,,,
GREENWAY                 ," 3,475 "," 9,795 "," 9,120 "," 10,317 "," 14,983 "," 14,861 "," 12,095 "," 10,096 "," 8,509 "," 7,534 "," 6,207 "," 12,949 "," 119,941 ",,,,,,,,,,,,,,,,,
Female," 1,723 "," 4,757 "," 4,526 "," 5,315 "," 7,737 "," 7,214 "," 5,793 "," 5,133 "," 4,155 "," 3,782 "," 3,205 "," 7,002 "," 60,342 ",,,,,,,,,,,,,,,,,
Male," 1,746 "," 5,024 "," 4,586 "," 5,001 "," 7,240 "," 7,641 "," 6,299 "," 4,962 "," 4,354 "," 3,752 "," 3,000 "," 5,945 "," 59,550 ",,,,,,,,,,,,,,,,,
Indeterminate/Unknown, 6 , 14 , 8 , 1 , 6 , 6 , 3 , 1 , - , - , 2 , 2 , 49 ,,,,,,,,,,,,,,,,,
HUGHES                   ," 3,231 "," 8,397 "," 7,581 "," 8,217 "," 9,406 "," 9,802 "," 10,078 "," 9,786 "," 8,726 "," 8,262 "," 7,177 "," 16,701 "," 107,364 ",,,,,,,,,,,,,,,,,
Female," 1,619 "," 4,021 "," 3,657 "," 4,221 "," 4,903 "," 5,010 "," 5,112 "," 5,026 "," 4,436 "," 4,251 "," 3,642 "," 9,024 "," 54,922 ",,,,,,,,,,,,,,,,,
Male," 1,605 "," 4,363 "," 3,922 "," 3,991 "," 4,503 "," 4,791 "," 4,966 "," 4,759 "," 4,287 "," 4,010 "," 3,534 "," 7,677 "," 52,408 ",,,,,,,,,,,,,,,,,
Indeterminate/Unknown, 7 , 13 , 2 , 5 , - , 1 , - , 1 , 3 , 1 , 1 , - , 34 ,,,,,,,,,,,,,,,,,
HUME                     ," 3,210 "," 9,026 "," 9,625 "," 10,719 "," 10,935 "," 9,937 "," 10,436 "," 10,555 "," 9,847 "," 9,623 "," 8,457 "," 19,472 "," 121,842 ",,,,,,,,,,,,,,,,,
Female," 1,625 "," 4,445 "," 4,848 "," 5,453 "," 5,589 "," 5,032 "," 5,296 "," 5,334 "," 5,016 "," 4,906 "," 4,335 "," 10,277 "," 62,156 ",,,,,,,,,,,,,,,,,
Male," 1,575 "," 4,575 "," 4,773 "," 5,263 "," 5,346 "," 4,901 "," 5,137 "," 5,221 "," 4,830 "," 4,717 "," 4,119 "," 9,193 "," 59,650 ",,,,,,,,,,,,,,,,,
Indeterminate/Unknown, 10 , 6 , 4 , 3 , - , 4 , 3 , - , 1 , - , 3 , 2 , 36 ,,,,,,,,,,,,,,,,,
HUNTER                   ," 3,145 "," 9,473 "," 10,286 "," 10,912 "," 10,667 "," 9,688 "," 9,931 "," 10,488 "," 10,054 "," 10,579 "," 9,778 "," 23,437 "," 128,438 ",,,,,,,,,,,,,,,,,
Female," 1,588 "," 4,643 "," 5,059 "," 5,498 "," 5,352 "," 4,797 "," 5,010 "," 5,245 "," 5,158 "," 5,345 "," 5,048 "," 12,601 "," 65,344 ",,,,,,,,,,,,,,,,,
Male," 1,550 "," 4,818 "," 5,219 "," 5,411 "," 5,313 "," 4,889 "," 4,921 "," 5,240 "," 4,892 "," 5,232 "," 4,730 "," 10,834 "," 63,049 ",,,,,,,,,,,,,,,,,
Indeterminate/Unknown, 7 , 12 , 8 , 3 , 2 , 2 , - , 3 , 4 , 2 , - , 2 , 45 ,,,,,,,,,,,,,,,,,
KINGSFORD SMITH          ," 2,759 "," 8,568 "," 9,431 "," 10,621 "," 11,123 "," 10,665 "," 10,275 "," 9,988 "," 8,797 "," 7,885 "," 6,629 "," 18,576 "," 115,317 ",,,,,,,,,,,,,,,,,
Female," 1,393 "," 4,306 "," 4,769 "," 5,333 "," 5,619 "," 5,467 "," 5,208 "," 5,166 "," 4,491 "," 4,031 "," 3,510 "," 10,392 "," 59,685 ",,,,,,,,,,,,,,,,,
Male," 1,352 "," 4,241 "," 4,653 "," 5,281 "," 5,499 "," 5,194 "," 5,061 "," 4,818 "," 4,301 "," 3,852 "," 3,118 "," 8,180 "," 55,550 ",,,,,,,,,,,,,,,,,
Indeterminate/Unknown, 14 , 21 , 9 , 7 , 5 , 4 , 6 , 4 , 5 , 2 , 1 , 4 , 82 ,,,,,,,,,,,,,,,,,
LINDSAY                  ," 3,317 "," 11,029 "," 12,180 "," 12,562 "," 13,004 "," 11,639 "," 10,879 "," 9,888 "," 8,701 "," 8,462 "," 7,221 "," 15,845 "," 124,727 ",,,,,,,,,,,,,,,,,
Female," 1,719 "," 5,502 "," 6,160 "," 6,453 "," 6,624 "," 5,751 "," 5,392 "," 5,014 "," 4,397 "," 4,414 "," 3,853 "," 8,550 "," 63,829 ",,,,,,,,,,,,,,,,,
Male," 1,591 "," 5,517 "," 6,006 "," 6,097 "," 6,372 "," 5,885 "," 5,485 "," 4,874 "," 4,303 "," 4,048 "," 3,367 "," 7,292 "," 60,837 ",,,,,,,,,,,,,,,,,
Indeterminate/Unknown, 7 , 10 , 14 , 12 , 8 , 3 , 2 , - , 1 , - , 1 , 3 , 61 ,,,,,,,,,,,,,,,,,
LYNE                     ," 2,504 "," 6,425 "," 6,145 "," 6,657 "," 7,144 "," 7,245 "," 8,317 "," 9,739 "," 10,581 "," 12,789 "," 12,908 "," 34,233 "," 124,687 ",,,,,,,,,,,,,,,,,
Female," 1,252 "," 3,132 "," 3,090 "," 3,382 "," 3,684 "," 3,699 "," 4,241 "," 5,041 "," 5,442 "," 6,686 "," 6,527 "," 17,645 "," 63,821 ",,,,,,,,,,,,,,,,,
Male," 1,245 "," 3,281 "," 3,047 "," 3,269 "," 3,460 "," 3,540 "," 4,073 "," 4,696 "," 5,134 "," 6,098 "," 6,377 "," 16,584 "," 60,804 ",,,,,,,,,,,,,,,,,
Indeterminate/Unknown, 7 , 12 , 8 , 6 , - , 6 , 3 , 2 , 5 , 5 , 4 , 4 , 62 ,,,,,,,,,,,,,,,,,
MACARTHUR                ," 3,587 "," 11,118 "," 12,810 "," 14,422 "," 15,445 "," 13,078 "," 11,294 "," 10,020 "," 9,368 "," 9,269 "," 7,847 "," 15,243 "," 133,501 ",,,,,,,,,,,,,,,,,
Female," 1,805 "," 5,505 "," 6,578 "," 7,579 "," 7,837 "," 6,420 "," 5,543 "," 5,044 "," 4,850 "," 4,769 "," 4,158 "," 8,132 "," 68,220 ",,,,,,,,,,,,,,,,,
Male," 1,773 "," 5,608 "," 6,229 "," 6,840 "," 7,600 "," 6,655 "," 5,747 "," 4,976 "," 4,516 "," 4,499 "," 3,689 "," 7,108 "," 65,240 ",,,,,,,,,,,,,,,,,
Indeterminate/Unknown, 9 , 5 , 3 , 3 , 8 , 3 , 4 , - , 2 , 1 , - , 3 , 41 ,,,,,,,,,,,,,,,,,
MACKELLAR                ," 3,143 "," 7,878 "," 6,325 "," 6,427 "," 7,785 "," 9,094 "," 10,504 "," 10,799 "," 9,728 "," 9,054 "," 7,745 "," 22,810 "," 111,292 ",,,,,,,,,,,,,,,,,
Female," 1,519 "," 3,778 "," 2,945 "," 3,230 "," 4,114 "," 4,676 "," 5,361 "," 5,571 "," 4,934 "," 4,570 "," 4,046 "," 12,518 "," 57,262 ",,,,,,,,,,,,,,,,,
Male," 1,619 "," 4,091 "," 3,376 "," 3,195 "," 3,670 "," 4,415 "," 5,142 "," 5,224 "," 4,791 "," 4,483 "," 3,698 "," 10,291 "," 53,995 ",,,,,,,,,,,,,,,,,
Indeterminate/Unknown, 5 , 9 , 4 , 2 , 1 , 3 , 1 , 4 , 3 , 1 , 1 , 1 , 35 ,,,,,,,,,,,,,,,,,
MACQUARIE                ," 2,891 "," 7,492 "," 7,412 "," 7,983 "," 8,379 "," 8,431 "," 9,083 "," 9,828 "," 9,165 "," 9,453 "," 8,487 "," 19,515 "," 108,119 ",,,,,,,,,,,,,,,,,
Female," 1,416 "," 3,554 "," 3,587 "," 3,945 "," 4,229 "," 4,278 "," 4,709 "," 5,065 "," 4,686 "," 4,920 "," 4,378 "," 10,592 "," 55,359 ",,,,,,,,,,,,,,,,,
Male," 1,462 "," 3,923 "," 3,813 "," 4,028 "," 4,144 "," 4,147 "," 4,367 "," 4,759 "," 4,474 "," 4,528 "," 4,109 "," 8,921 "," 52,675 ",,,,,,,,,,,,,,,,,
Indeterminate/Unknown, 13 , 15 , 12 , 10 , 6 , 6 , 7 , 4 , 5 , 5 , - , 2 , 85 ,,,,,,,,,,,,,,,,,
MCMAHON                  ," 2,743 "," 8,783 "," 9,110 "," 8,862 "," 9,317 "," 9,293 "," 8,888 "," 8,957 "," 8,786 "," 8,724 "," 7,331 "," 16,518 "," 107,312 ",,,,,,,,,,,,,,,,,
Female," 1,396 "," 4,312 "," 4,466 "," 4,541 "," 4,803 "," 4,711 "," 4,487 "," 4,509 "," 4,447 "," 4,429 "," 3,793 "," 8,825 "," 54,719 ",,,,,,,,,,,,,,,,,
Male," 1,342 "," 4,465 "," 4,642 "," 4,318 "," 4,513 "," 4,576 "," 4,399 "," 4,446 "," 4,337 "," 4,294 "," 3,538 "," 7,693 "," 52,563 ",,,,,,,,,,,,,,,,,
Indeterminate/Unknown, 5 , 6 , 2 , 3 , 1 , 6 , 2 , 2 , 2 , 1 , - , - , 30 ,,,,,,,,,,,,,,,,,
MITCHELL                 ," 3,999 "," 9,925 "," 7,889 "," 8,075 "," 11,853 "," 13,379 "," 12,669 "," 11,532 "," 9,371 "," 8,276 "," 7,063 "," 17,402 "," 121,433 ",,,,,,,,,,,,,,,,,
Female," 2,035 "," 4,807 "," 3,791 "," 4,140 "," 6,233 "," 6,734 "," 6,454 "," 5,930 "," 4,713 "," 4,203 "," 3,669 "," 9,427 "," 62,136 ",,,,,,,,,,,,,,,,,
Male," 1,957 "," 5,107 "," 4,095 "," 3,930 "," 5,614 "," 6,642 "," 6,214 "," 5,600 "," 4,656 "," 4,071 "," 3,394 "," 7,974 "," 59,254 ",,,,,,,,,,,,,,,,,
Indeterminate/Unknown, 7 , 11 , 3 , 5 , 6 , 3 , 1 , 2 , 2 , 2 , - , 1 , 43 ,,,,,,,,,,,,,,,,,
NEW ENGLAND              ," 2,854 "," 7,878 "," 7,930 "," 8,063 "," 8,024 "," 7,841 "," 8,514 "," 9,070 "," 9,360 "," 10,222 "," 9,534 "," 24,175 "," 113,465 ",,,,,,,,,,,,,,,,,
Female," 1,456 "," 3,903 "," 4,007 "," 4,076 "," 4,124 "," 4,052 "," 4,294 "," 4,655 "," 4,771 "," 5,255 "," 4,736 "," 12,901 "," 58,230 ",,,,,,,,,,,,,,,,,
Male," 1,384 "," 3,964 "," 3,911 "," 3,984 "," 3,898 "," 3,789 "," 4,219 "," 4,413 "," 4,589 "," 4,965 "," 4,796 "," 11,272 "," 55,184 ",,,,,,,,,,,,,,,,,
Indeterminate/Unknown, 14 , 11 , 12 , 3 , 2 , - , 1 , 2 , - , 2 , 2 , 2 , 51 ,,,,,,,,,,,,,,,,,
NEWCASTLE                ," 3,280 "," 11,869 "," 12,204 "," 11,093 "," 10,547 "," 9,698 "," 9,527 "," 9,788 "," 9,074 "," 9,062 "," 7,884 "," 18,561 "," 122,587 ",,,,,,,,,,,,,,,,,
Female," 1,729 "," 6,045 "," 5,983 "," 5,444 "," 5,234 "," 4,860 "," 4,807 "," 4,976 "," 4,606 "," 4,690 "," 4,032 "," 10,312 "," 62,718 ",,,,,,,,,,,,,,,,,
Male," 1,539 "," 5,795 "," 6,195 "," 5,637 "," 5,304 "," 4,831 "," 4,712 "," 4,809 "," 4,467 "," 4,371 "," 3,850 "," 8,246 "," 59,756 ",,,,,,,,,,,,,,,,,
Indeterminate/Unknown, 12 , 29 , 26 , 12 , 9 , 7 , 8 , 3 , 1 , 1 , 2 , 3 , 113 ,,,,,,,,,,,,,,,,,
NORTH SYDNEY             ," 2,520 "," 7,073 "," 8,603 "," 9,684 "," 10,770 "," 11,026 "," 10,201 "," 9,745 "," 8,527 "," 7,884 "," 7,038 "," 18,639 "," 111,710 ",,,,,,,,,,,,,,,,,
Female," 1,220 "," 3,455 "," 4,282 "," 4,823 "," 5,563 "," 5,607 "," 5,288 "," 5,123 "," 4,417 "," 4,119 "," 3,796 "," 10,385 "," 58,078 ",,,,,,,,,,,,,,,,,
Male," 1,293 "," 3,608 "," 4,312 "," 4,857 "," 5,202 "," 5,414 "," 4,911 "," 4,620 "," 4,109 "," 3,765 "," 3,240 "," 8,249 "," 53,580 ",,,,,,,,,,,,,,,,,
Indeterminate/Unknown, 7 , 10 , 9 , 4 , 5 , 5 , 2 , 2 , 1 , - , 2 , 5 , 52 ,,,,,,,,,,,,,,,,,
PAGE                     ," 2,068 "," 6,728 "," 7,032 "," 7,681 "," 7,992 "," 8,394 "," 9,385 "," 10,179 "," 10,835 "," 12,588 "," 12,199 "," 27,834 "," 122,915 ",,,,,,,,,,,,,,,,,
Female," 1,067 "," 3,329 "," 3,540 "," 3,946 "," 4,107 "," 4,420 "," 4,798 "," 5,315 "," 5,559 "," 6,441 "," 6,161 "," 14,506 "," 63,189 ",,,,,,,,,,,,,,,,,
Male, 983 ," 3,382 "," 3,476 "," 3,728 "," 3,881 "," 3,971 "," 4,577 "," 4,861 "," 5,273 "," 6,140 "," 6,031 "," 13,325 "," 59,628 ",,,,,,,,,,,,,,,,,
Indeterminate/Unknown, 18 , 17 , 16 , 7 , 4 , 3 , 10 , 3 , 3 , 7 , 7 , 3 , 98 ,,,,,,,,,,,,,,,,,
PARKES                   ," 2,363 "," 7,869 "," 9,091 "," 9,114 "," 8,446 "," 7,534 "," 7,931 "," 8,832 "," 9,172 "," 9,704 "," 8,443 "," 20,634 "," 109,133 ",,,,,,,,,,,,,,,,,
Female," 1,215 "," 3,864 "," 4,614 "," 4,549 "," 4,329 "," 3,818 "," 3,983 "," 4,429 "," 4,584 "," 4,746 "," 4,068 "," 10,858 "," 55,057 ",,,,,,,,,,,,,,,,,
Male," 1,141 "," 3,992 "," 4,470 "," 4,563 "," 4,114 "," 3,716 "," 3,946 "," 4,402 "," 4,585 "," 4,958 "," 4,375 "," 9,775 "," 54,037 ",,,,,,,,,,,,,,,,,
Indeterminate/Unknown, 7 , 13 , 7 , 2 , 3 , - , 2 , 1 , 3 , - , - , 1 , 39 ,,,,,,,,,,,,,,,,,
PARRAMATTA               ," 2,466 "," 7,993 "," 8,890 "," 9,793 "," 11,918 "," 10,638 "," 9,190 "," 8,463 "," 8,198 "," 7,630 "," 6,319 "," 14,015 "," 105,513 ",,,,,,,,,,,,,,,,,
Female," 1,233 "," 3,990 "," 4,315 "," 4,814 "," 5,801 "," 4,954 "," 4,552 "," 4,258 "," 4,044 "," 3,841 "," 3,217 "," 7,510 "," 52,529 ",,,,,,,,,,,,,,,,,
Male," 1,227 "," 3,992 "," 4,564 "," 4,969 "," 6,114 "," 5,680 "," 4,634 "," 4,201 "," 4,151 "," 3,789 "," 3,099 "," 6,504 "," 52,924 ",,,,,,,,,,,,,,,,,
Indeterminate/Unknown, 6 , 11 , 11 , 10 , 3 , 4 , 4 , 4 , 3 , - , 3 , 1 , 60 ,,,,,,,,,,,,,,,,,
PATERSON                 ," 3,131 "," 9,820 "," 10,630 "," 11,222 "," 10,839 "," 9,960 "," 10,128 "," 10,448 "," 10,025 "," 10,733 "," 10,227 "," 24,960 "," 132,123 ",,,,,,,,,,,,,,,,,
Female," 1,518 "," 4,862 "," 5,341 "," 5,669 "," 5,459 "," 4,987 "," 5,078 "," 5,311 "," 5,108 "," 5,652 "," 5,348 "," 13,378 "," 67,711 ",,,,,,,,,,,,,,,,,
Male," 1,594 "," 4,944 "," 5,271 "," 5,549 "," 5,372 "," 4,971 "," 5,047 "," 5,131 "," 4,916 "," 5,079 "," 4,879 "," 11,579 "," 64,332 ",,,,,,,,,,,,,,,,,
Indeterminate/Unknown, 19 , 14 , 18 , 4 , 8 , 2 , 3 , 6 , 1 , 2 , - , 3 , 80 ,,,,,,,,,,,,,,,,,
REID                     ," 2,475 "," 8,102 "," 10,029 "," 11,383 "," 11,714 "," 10,120 "," 9,739 "," 9,527 "," 9,284 "," 8,363 "," 7,215 "," 17,674 "," 115,625 ",,,,,,,,,,,,,,,,,
Female," 1,280 "," 4,083 "," 4,948 "," 5,508 "," 5,634 "," 5,057 "," 5,014 "," 5,029 "," 4,800 "," 4,350 "," 3,818 "," 9,624 "," 59,145 ",,,,,,,,,,,,,,,,,
Male," 1,190 "," 4,008 "," 5,058 "," 5,865 "," 6,078 "," 5,056 "," 4,722 "," 4,496 "," 4,483 "," 4,012 "," 3,397 "," 8,047 "," 56,412 ",,,,,,,,,,,,,,,,,
Indeterminate/Unknown, 5 , 11 , 23 , 10 , 2 , 7 , 3 , 2 , 1 , 1 , - , 3 , 68 ,,,,,,,,,,,,,,,,,
RICHMOND                 ," 1,843 "," 5,784 "," 5,854 "," 6,992 "," 8,524 "," 8,831 "," 9,580 "," 9,937 "," 10,041 "," 11,573 "," 11,297 "," 28,396 "," 118,652 ",,,,,,,,,,,,,,,,,
Female," 1,022 "," 2,907 "," 3,015 "," 3,718 "," 4,557 "," 4,749 "," 5,032 "," 5,261 "," 5,289 "," 6,160 "," 5,943 "," 15,258 "," 62,911 ",,,,,,,,,,,,,,,,,
Male, 805 ," 2,870 "," 2,834 "," 3,264 "," 3,964 "," 4,076 "," 4,546 "," 4,668 "," 4,751 "," 5,412 "," 5,351 "," 13,135 "," 55,676 ",,,,,,,,,,,,,,,,,
Indeterminate/Unknown, 16 , 7 , 5 , 10 , 3 , 6 , 2 , 8 , 1 , 1 , 3 , 3 , 65 ,,,,,,,,,,,,,,,,,
RIVERINA                 ," 2,996 "," 8,839 "," 9,108 "," 8,552 "," 8,377 "," 8,109 "," 8,471 "," 9,188 "," 9,417 "," 9,962 "," 9,135 "," 24,018 "," 116,172 ",,,,,,,,,,,,,,,,,
Female," 1,541 "," 4,473 "," 4,562 "," 4,343 "," 4,327 "," 4,044 "," 4,295 "," 4,688 "," 4,660 "," 5,057 "," 4,561 "," 12,800 "," 59,351 ",,,,,,,,,,,,,,,,,
Male," 1,446 "," 4,355 "," 4,538 "," 4,202 "," 4,048 "," 4,064 "," 4,175 "," 4,498 "," 4,755 "," 4,904 "," 4,573 "," 11,217 "," 56,775 ",,,,,,,,,,,,,,,,,
Indeterminate/Unknown, 9 , 11 , 8 , 7 , 2 , 1 , 1 , 2 , 2 , 1 , 1 , 1 , 46 ,,,,,,,,,,,,,,,,,
ROBERTSON                ," 2,645 "," 7,432 "," 7,104 "," 7,248 "," 8,316 "," 8,549 "," 8,896 "," 9,416 "," 9,258 "," 9,754 "," 9,025 "," 25,045 "," 112,688 ",,,,,,,,,,,,,,,,,
Female," 1,379 "," 3,643 "," 3,391 "," 3,610 "," 4,266 "," 4,397 "," 4,545 "," 4,841 "," 4,818 "," 5,171 "," 4,827 "," 13,896 "," 58,784 ",,,,,,,,,,,,,,,,,
Male," 1,255 "," 3,774 "," 3,705 "," 3,636 "," 4,048 "," 4,150 "," 4,351 "," 4,572 "," 4,439 "," 4,580 "," 4,196 "," 11,146 "," 53,852 ",,,,,,,,,,,,,,,,,
Indeterminate/Unknown, 11 , 15 , 8 , 2 , 2 , 2 , - , 3 , 1 , 3 , 2 , 3 , 52 ,,,,,,,,,,,,,,,,,
SHORTLAND                ," 2,770 "," 8,066 "," 8,058 "," 8,328 "," 8,956 "," 8,643 "," 8,914 "," 9,646 "," 9,285 "," 9,852 "," 9,126 "," 24,774 "," 116,418 ",,,,,,,,,,,,,,,,,
Female," 1,371 "," 3,880 "," 3,873 "," 4,257 "," 4,567 "," 4,370 "," 4,471 "," 4,861 "," 4,743 "," 5,133 "," 4,823 "," 13,695 "," 60,044 ",,,,,,,,,,,,,,,,,
Male," 1,385 "," 4,176 "," 4,179 "," 4,067 "," 4,385 "," 4,272 "," 4,442 "," 4,783 "," 4,541 "," 4,718 "," 4,301 "," 11,074 "," 56,323 ",,,,,,,,,,,,,,,,,
Indeterminate/Unknown, 14 , 10 , 6 , 4 , 4 , 1 , 1 , 2 , 1 , 1 , 2 , 5 , 51 ,,,,,,,,,,,,,,,,,
SYDNEY                   ," 1,669 "," 9,028 "," 15,174 "," 18,058 "," 16,238 "," 12,875 "," 9,942 "," 9,327 "," 8,046 "," 7,223 "," 5,798 "," 12,043 "," 125,421 ",,,,,,,,,,,,,,,,,
Female, 933 ," 4,727 "," 7,480 "," 8,191 "," 7,133 "," 5,454 "," 4,201 "," 4,002 "," 3,516 "," 3,302 "," 2,818 "," 6,092 "," 57,849 ",,,,,,,,,,,,,,,,,
Male, 725 ," 4,265 "," 7,655 "," 9,839 "," 9,088 "," 7,405 "," 5,732 "," 5,318 "," 4,522 "," 3,914 "," 2,979 "," 5,948 "," 67,390 ",,,,,,,,,,,,,,,,,
Indeterminate/Unknown, 11 , 36 , 39 , 28 , 17 , 16 , 9 , 7 , 8 , 7 , 1 , 3 , 182 ,,,,,,,,,,,,,,,,,
WARRINGAH                ," 2,830 "," 7,155 "," 7,030 "," 7,733 "," 8,651 "," 9,674 "," 10,332 "," 10,486 "," 9,188 "," 8,002 "," 6,453 "," 17,821 "," 105,355 ",,,,,,,,,,,,,,,,,
Female," 1,449 "," 3,529 "," 3,577 "," 3,985 "," 4,544 "," 5,055 "," 5,369 "," 5,444 "," 4,752 "," 4,051 "," 3,404 "," 9,966 "," 55,125 ",,,,,,,,,,,,,,,,,
Male," 1,374 "," 3,616 "," 3,443 "," 3,746 "," 4,100 "," 4,615 "," 4,962 "," 5,040 "," 4,436 "," 3,949 "," 3,049 "," 7,854 "," 50,184 ",,,,,,,,,,,,,,,,,
Indeterminate/Unknown, 7 , 10 , 10 , 2 , 7 , 4 , 1 , 2 , - , 2 , - , 1 , 46 ,,,,,,,,,,,,,,,,,
WATSON                   ," 2,752 "," 8,947 "," 9,101 "," 8,887 "," 9,627 "," 9,543 "," 9,022 "," 9,158 "," 9,060 "," 8,296 "," 7,084 "," 17,329 "," 108,806 ",,,,,,,,,,,,,,,,,
Female," 1,339 "," 4,435 "," 4,468 "," 4,526 "," 4,742 "," 4,736 "," 4,567 "," 4,748 "," 4,483 "," 4,199 "," 3,628 "," 9,229 "," 55,100 ",,,,,,,,,,,,,,,,,
Male," 1,406 "," 4,496 "," 4,624 "," 4,351 "," 4,883 "," 4,800 "," 4,450 "," 4,403 "," 4,573 "," 4,096 "," 3,453 "," 8,098 "," 53,633 ",,,,,,,,,,,,,,,,,
Indeterminate/Unknown, 7 , 16 , 9 , 10 , 2 , 7 , 5 , 7 , 4 , 1 , 3 , 2 , 73 ,,,,,,,,,,,,,,,,,
WENTWORTH                ," 2,089 "," 6,489 "," 9,113 "," 10,308 "," 10,536 "," 9,519 "," 9,316 "," 8,878 "," 7,493 "," 6,892 "," 5,914 "," 17,162 "," 103,709 ",,,,,,,,,,,,,,,,,
Female," 1,079 "," 3,448 "," 4,892 "," 5,402 "," 5,426 "," 4,780 "," 4,718 "," 4,504 "," 3,754 "," 3,535 "," 3,073 "," 9,538 "," 54,149 ",,,,,,,,,,,,,,,,,
Male," 1,004 "," 3,039 "," 4,208 "," 4,894 "," 5,103 "," 4,733 "," 4,594 "," 4,370 "," 3,737 "," 3,355 "," 2,837 "," 7,617 "," 49,491 ",,,,,,,,,,,,,,,,,
Indeterminate/Unknown, 6 , 2 , 13 , 12 , 7 , 6 , 4 , 4 , 2 , 2 , 4 , 7 , 69 ,,,,,,,,,,,,,,,,,
WERRIWA                  ," 3,878 "," 11,802 "," 11,399 "," 11,170 "," 12,502 "," 12,035 "," 11,345 "," 10,919 "," 10,384 "," 9,474 "," 7,357 "," 13,876 "," 126,141 ",,,,,,,,,,,,,,,,,
Female," 1,939 "," 5,832 "," 5,655 "," 5,887 "," 6,548 "," 6,118 "," 5,867 "," 5,579 "," 5,158 "," 4,749 "," 3,729 "," 7,334 "," 64,395 ",,,,,,,,,,,,,,,,,
Male," 1,933 "," 5,963 "," 5,738 "," 5,282 "," 5,950 "," 5,913 "," 5,477 "," 5,339 "," 5,226 "," 4,724 "," 3,627 "," 6,540 "," 61,712 ",,,,,,,,,,,,,,,,,
Indeterminate/Unknown, 6 , 7 , 6 , 1 , 4 , 4 , 1 , 1 , - , 1 , 1 , 2 , 34 ,,,,,,,,,,,,,,,,,
WHITLAM                  ," 3,091 "," 9,211 "," 9,389 "," 9,663 "," 9,781 "," 9,350 "," 9,957 "," 10,128 "," 9,932 "," 10,330 "," 9,318 "," 25,385 "," 125,535 ",,,,,,,,,,,,,,,,,
Female," 1,538 "," 4,505 "," 4,720 "," 4,904 "," 4,949 "," 4,758 "," 5,048 "," 5,169 "," 5,135 "," 5,439 "," 5,023 "," 13,835 "," 65,023 ",,,,,,,,,,,,,,,,,
Male," 1,541 "," 4,689 "," 4,660 "," 4,753 "," 4,828 "," 4,589 "," 4,908 "," 4,957 "," 4,795 "," 4,888 "," 4,294 "," 11,548 "," 60,450 ",,,,,,,,,,,,,,,,,
Indeterminate/Unknown, 12 , 17 , 9 , 6 , 4 , 3 , 1 , 2 , 2 , 3 , 1 , 2 , 62 ,,,,,,,,,,,,,,,,,
VIC," 106,740 "," 319,101 "," 347,073 "," 369,563 "," 391,702 "," 368,598 "," 360,564 "," 372,386 "," 343,545 "," 334,549 "," 297,149 "," 733,238 "," 4,344,208 ",,,,,,,,,,,,,,,,,
ASTON                    ," 2,968 "," 8,655 "," 8,446 "," 8,426 "," 8,919 "," 9,053 "," 9,126 "," 9,630 "," 9,295 "," 9,065 "," 7,768 "," 18,475 "," 109,826 ",,,,,,,,,,,,,,,,,
Female," 1,469 "," 4,145 "," 4,110 "," 4,138 "," 4,443 "," 4,559 "," 4,698 "," 5,011 "," 4,827 "," 4,689 "," 4,086 "," 10,164 "," 56,339 ",,,,,,,,,,,,,,,,,
Male," 1,489 "," 4,497 "," 4,325 "," 4,287 "," 4,474 "," 4,493 "," 4,428 "," 4,617 "," 4,468 "," 4,375 "," 3,682 "," 8,311 "," 53,446 ",,,,,,,,,,,,,,,,,
Indeterminate/Unknown, 10 , 13 , 11 , 1 , 2 , 1 , - , 2 , - , 1 , - , - , 41 ,,,,,,,,,,,,,,,,,
BALLARAT                 ," 2,596 "," 7,804 "," 8,640 "," 8,700 "," 8,716 "," 8,500 "," 9,011 "," 9,473 "," 8,996 "," 9,278 "," 8,766 "," 20,224 "," 110,704 ",,,,,,,,,,,,,,,,,
Female," 1,318 "," 3,940 "," 4,288 "," 4,371 "," 4,474 "," 4,447 "," 4,643 "," 4,918 "," 4,694 "," 4,873 "," 4,587 "," 10,964 "," 57,517 ",,,,,,,,,,,,,,,,,
Male," 1,264 "," 3,845 "," 4,336 "," 4,320 "," 4,231 "," 4,047 "," 4,366 "," 4,550 "," 4,299 "," 4,404 "," 4,178 "," 9,259 "," 53,099 ",,,,,,,,,,,,,,,,,
Indeterminate/Unknown, 14 , 19 , 16 , 9 , 11 , 6 , 2 , 5 , 3 , 1 , 1 , 1 , 88 ,,,,,,,,,,,,,,,,,
BENDIGO                  ," 2,474 "," 7,773 "," 8,460 "," 8,568 "," 8,725 "," 8,323 "," 8,735 "," 9,174 "," 9,076 "," 9,645 "," 9,176 "," 22,369 "," 112,498 ",,,,,,,,,,,,,,,,,
Female," 1,239 "," 3,866 "," 4,283 "," 4,371 "," 4,544 "," 4,349 "," 4,524 "," 4,743 "," 4,751 "," 5,077 "," 4,770 "," 11,919 "," 58,436 ",,,,,,,,,,,,,,,,,
Male," 1,225 "," 3,894 "," 4,169 "," 4,193 "," 4,173 "," 3,967 "," 4,207 "," 4,428 "," 4,320 "," 4,567 "," 4,405 "," 10,449 "," 53,997 ",,,,,,,,,,,,,,,,,
Indeterminate/Unknown, 10 , 13 , 8 , 4 , 8 , 7 , 4 , 3 , 5 , 1 , 1 , 1 , 65 ,,,,,,,,,,,,,,,,,
BRUCE                    ," 3,018 "," 9,297 "," 9,295 "," 9,202 "," 9,823 "," 9,626 "," 9,504 "," 9,958 "," 9,553 "," 9,227 "," 7,839 "," 16,554 "," 112,896 ",,,,,,,,,,,,,,,,,
Female," 1,520 "," 4,468 "," 4,341 "," 4,411 "," 4,902 "," 4,728 "," 4,731 "," 5,107 "," 4,829 "," 4,703 "," 4,016 "," 8,766 "," 56,522 ",,,,,,,,,,,,,,,,,
Male," 1,492 "," 4,821 "," 4,948 "," 4,787 "," 4,917 "," 4,895 "," 4,772 "," 4,849 "," 4,723 "," 4,523 "," 3,822 "," 7,787 "," 56,336 ",,,,,,,,,,,,,,,,,
Indeterminate/Unknown, 6 , 8 , 6 , 4 , 4 , 3 , 1 , 2 , 1 , 1 , 1 , 1 , 38 ,,,,,,,,,,,,,,,,,
CALWELL                  ," 3,122 "," 9,432 "," 10,233 "," 11,526 "," 12,768 "," 10,881 "," 8,923 "," 9,046 "," 8,520 "," 6,961 "," 5,380 "," 9,990 "," 106,782 ",,,,,,,,,,,,,,,,,
Female," 1,612 "," 4,804 "," 5,210 "," 5,832 "," 6,344 "," 5,288 "," 4,438 "," 4,648 "," 4,179 "," 3,426 "," 2,687 "," 5,256 "," 53,724 ",,,,,,,,,,,,,,,,,
Male," 1,505 "," 4,626 "," 5,016 "," 5,692 "," 6,421 "," 5,591 "," 4,484 "," 4,398 "," 4,341 "," 3,535 "," 2,693 "," 4,734 "," 53,036 ",,,,,,,,,,,,,,,,,
Indeterminate/Unknown, 5 , 2 , 7 , 2 , 3 , 2 , 1 , - , - , - , - , - , 22 ,,,,,,,,,,,,,,,,,
CASEY                    ," 2,989 "," 8,236 "," 8,514 "," 9,653 "," 9,843 "," 9,255 "," 9,648 "," 10,197 "," 9,468 "," 9,463 "," 8,298 "," 18,821 "," 114,385 ",,,,,,,,,,,,,,,,,
Female," 1,498 "," 4,050 "," 4,173 "," 4,871 "," 5,049 "," 4,655 "," 4,933 "," 5,280 "," 4,900 "," 4,869 "," 4,293 "," 10,028 "," 58,599 ",,,,,,,,,,,,,,,,,
Male," 1,476 "," 4,167 "," 4,334 "," 4,776 "," 4,790 "," 4,597 "," 4,714 "," 4,913 "," 4,566 "," 4,594 "," 4,005 "," 8,793 "," 55,725 ",,,,,,,,,,,,,,,,,
Indeterminate/Unknown, 15 , 19 , 7 , 6 , 4 , 3 , 1 , 4 , 2 , - , - , - , 61 ,,,,,,,,,,,,,,,,,
CHISHOLM                 ," 3,402 "," 9,292 "," 7,636 "," 6,838 "," 7,875 "," 8,407 "," 8,861 "," 9,737 "," 8,830 "," 8,068 "," 6,990 "," 24,037 "," 109,973 ",,,,,,,,,,,,,,,,,
Female," 1,718 "," 4,514 "," 3,429 "," 3,253 "," 3,905 "," 4,300 "," 4,465 "," 5,135 "," 4,434 "," 4,143 "," 3,740 "," 13,523 "," 56,559 ",,,,,,,,,,,,,,,,,
Male," 1,671 "," 4,743 "," 4,189 "," 3,581 "," 3,968 "," 4,105 "," 4,394 "," 4,600 "," 4,395 "," 3,924 "," 3,249 "," 10,514 "," 53,333 ",,,,,,,,,,,,,,,,,
Indeterminate/Unknown, 13 , 35 , 18 , 4 , 2 , 2 , 2 , 2 , 1 , 1 , 1 , - , 81 ,,,,,,,,,,,,,,,,,
COOPER                   ," 2,253 "," 7,181 "," 10,345 "," 11,877 "," 11,442 "," 10,024 "," 9,676 "," 9,958 "," 8,065 "," 7,005 "," 5,653 "," 15,251 "," 108,730 ",,,,,,,,,,,,,,,,,
Female," 1,139 "," 3,679 "," 5,328 "," 6,060 "," 5,809 "," 5,184 "," 4,942 "," 5,127 "," 4,243 "," 3,615 "," 3,007 "," 8,642 "," 56,775 ",,,,,,,,,,,,,,,,,
Male," 1,083 "," 3,450 "," 4,915 "," 5,763 "," 5,593 "," 4,831 "," 4,721 "," 4,825 "," 3,821 "," 3,389 "," 2,643 "," 6,607 "," 51,641 ",,,,,,,,,,,,,,,,,
Indeterminate/Unknown, 31 , 52 , 102 , 54 , 40 , 9 , 13 , 6 , 1 , 1 , 3 , 2 , 314 ,,,,,,,,,,,,,,,,,
CORANGAMITE              ," 2,759 "," 7,737 "," 8,043 "," 8,916 "," 9,750 "," 9,233 "," 9,114 "," 8,826 "," 8,241 "," 9,024 "," 9,262 "," 21,851 "," 112,756 ",,,,,,,,,,,,,,,,,
Female," 1,415 "," 3,832 "," 4,084 "," 4,648 "," 5,152 "," 4,703 "," 4,701 "," 4,629 "," 4,395 "," 4,898 "," 4,933 "," 11,635 "," 59,025 ",,,,,,,,,,,,,,,,,
Male," 1,331 "," 3,893 "," 3,953 "," 4,261 "," 4,595 "," 4,528 "," 4,412 "," 4,197 "," 3,845 "," 4,124 "," 4,328 "," 10,215 "," 53,682 ",,,,,,,,,,,,,,,,,
Indeterminate/Unknown, 13 , 12 , 6 , 7 , 3 , 2 , 1 , - , 1 , 2 , 1 , 1 , 49 ,,,,,,,,,,,,,,,,,
CORIO                    ," 2,690 "," 8,632 "," 9,865 "," 9,673 "," 9,372 "," 8,664 "," 9,100 "," 9,156 "," 8,889 "," 8,762 "," 7,991 "," 19,857 "," 112,651 ",,,,,,,,,,,,,,,,,
Female," 1,368 "," 4,356 "," 5,006 "," 4,870 "," 4,810 "," 4,476 "," 4,729 "," 4,788 "," 4,605 "," 4,620 "," 4,210 "," 11,126 "," 58,964 ",,,,,,,,,,,,,,,,,
Male," 1,305 "," 4,258 "," 4,847 "," 4,799 "," 4,558 "," 4,184 "," 4,368 "," 4,367 "," 4,283 "," 4,142 "," 3,778 "," 8,730 "," 53,619 ",,,,,,,,,,,,,,,,,
Indeterminate/Unknown, 17 , 18 , 12 , 4 , 4 , 4 , 3 , 1 , 1 , - , 3 , 1 , 68 ,,,,,,,,,,,,,,,,,
DEAKIN                   ," 3,030 "," 8,340 "," 7,901 "," 8,301 "," 9,554 "," 9,510 "," 9,702 "," 9,954 "," 9,029 "," 8,407 "," 7,475 "," 21,386 "," 112,589 ",,,,,,,,,,,,,,,,,
Female," 1,477 "," 3,980 "," 3,823 "," 4,164 "," 4,927 "," 4,836 "," 4,993 "," 5,222 "," 4,719 "," 4,348 "," 4,021 "," 12,247 "," 58,757 ",,,,,,,,,,,,,,,,,
Male," 1,535 "," 4,346 "," 4,069 "," 4,133 "," 4,624 "," 4,670 "," 4,709 "," 4,732 "," 4,309 "," 4,059 "," 3,453 "," 9,139 "," 53,778 ",,,,,,,,,,,,,,,,,
Indeterminate/Unknown, 18 , 14 , 9 , 4 , 3 , 4 , - , - , 1 , - , 1 , - , 54 ,,,,,,,,,,,,,,,,,
DUNKLEY                  ," 2,680 "," 7,833 "," 8,619 "," 9,712 "," 10,072 "," 9,629 "," 9,620 "," 9,918 "," 8,901 "," 8,706 "," 7,385 "," 18,618 "," 111,693 ",,,,,,,,,,,,,,,,,
Female," 1,318 "," 3,893 "," 4,332 "," 4,854 "," 5,195 "," 4,922 "," 4,858 "," 5,092 "," 4,611 "," 4,552 "," 3,870 "," 10,343 "," 57,840 ",,,,,,,,,,,,,,,,,
Male," 1,354 "," 3,930 "," 4,277 "," 4,851 "," 4,870 "," 4,706 "," 4,761 "," 4,826 "," 4,290 "," 4,153 "," 3,515 "," 8,273 "," 53,806 ",,,,,,,,,,,,,,,,,
Indeterminate/Unknown, 8 , 10 , 10 , 7 , 7 , 1 , 1 , - , - , 1 , - , 2 , 47 ,,,,,,,,,,,,,,,,,
FLINDERS                 ," 2,485 "," 6,528 "," 6,261 "," 7,010 "," 7,275 "," 7,464 "," 8,478 "," 9,664 "," 9,305 "," 10,083 "," 10,185 "," 29,804 "," 114,542 ",,,,,,,,,,,,,,,,,
Female," 1,231 "," 3,073 "," 3,081 "," 3,557 "," 3,801 "," 3,880 "," 4,380 "," 5,062 "," 4,893 "," 5,363 "," 5,401 "," 16,060 "," 59,782 ",,,,,,,,,,,,,,,,,
Male," 1,243 "," 3,444 "," 3,177 "," 3,451 "," 3,472 "," 3,583 "," 4,096 "," 4,602 "," 4,411 "," 4,714 "," 4,783 "," 13,742 "," 54,718 ",,,,,,,,,,,,,,,,,
Indeterminate/Unknown, 11 , 11 , 3 , 2 , 2 , 1 , 2 , - , 1 , 6 , 1 , 2 , 42 ,,,,,,,,,,,,,,,,,
FRASER                   ," 2,185 "," 7,721 "," 10,143 "," 11,546 "," 11,319 "," 10,042 "," 9,593 "," 9,246 "," 8,286 "," 7,974 "," 6,981 "," 16,024 "," 111,060 ",,,,,,,,,,,,,,,,,
Female," 1,118 "," 3,906 "," 5,011 "," 5,687 "," 5,496 "," 4,898 "," 4,760 "," 4,666 "," 4,038 "," 3,934 "," 3,558 "," 8,725 "," 55,797 ",,,,,,,,,,,,,,,,,
Male," 1,058 "," 3,772 "," 5,086 "," 5,822 "," 5,808 "," 5,135 "," 4,829 "," 4,577 "," 4,245 "," 4,040 "," 3,422 "," 7,299 "," 55,093 ",,,,,,,,,,,,,,,,,
Indeterminate/Unknown, 9 , 43 , 46 , 37 , 15 , 9 , 4 , 3 , 3 , - , 1 , - , 170 ,,,,,,,,,,,,,,,,,
GELLIBRAND               ," 2,642 "," 6,976 "," 7,346 "," 9,591 "," 13,792 "," 13,505 "," 10,966 "," 9,920 "," 7,949 "," 6,966 "," 5,565 "," 12,951 "," 108,169 ",,,,,,,,,,,,,,,,,
Female," 1,319 "," 3,497 "," 3,688 "," 4,943 "," 7,039 "," 6,505 "," 5,326 "," 5,030 "," 4,035 "," 3,502 "," 2,912 "," 7,190 "," 54,986 ",,,,,,,,,,,,,,,,,
Male," 1,310 "," 3,464 "," 3,645 "," 4,640 "," 6,747 "," 6,993 "," 5,639 "," 4,887 "," 3,914 "," 3,463 "," 2,652 "," 5,761 "," 53,115 ",,,,,,,,,,,,,,,,,
Indeterminate/Unknown, 13 , 15 , 13 , 8 , 6 , 7 , 1 , 3 , - , 1 , 1 , - , 68 ,,,,,,,,,,,,,,,,,
GIPPSLAND                ," 2,197 "," 6,978 "," 7,828 "," 8,032 "," 8,001 "," 7,499 "," 7,935 "," 8,991 "," 9,630 "," 11,085 "," 10,877 "," 25,515 "," 114,568 ",,,,,,,,,,,,,,,,,
Female," 1,138 "," 3,434 "," 3,841 "," 4,074 "," 4,054 "," 3,834 "," 4,033 "," 4,671 "," 5,033 "," 5,712 "," 5,545 "," 13,072 "," 58,441 ",,,,,,,,,,,,,,,,,
Male," 1,046 "," 3,534 "," 3,980 "," 3,953 "," 3,945 "," 3,661 "," 3,900 "," 4,316 "," 4,595 "," 5,370 "," 5,331 "," 12,442 "," 56,073 ",,,,,,,,,,,,,,,,,
Indeterminate/Unknown, 13 , 10 , 7 , 5 , 2 , 4 , 2 , 4 , 2 , 3 , 1 , 1 , 54 ,,,,,,,,,,,,,,,,,
GOLDSTEIN                ," 3,561 "," 8,055 "," 6,304 "," 6,290 "," 7,402 "," 8,476 "," 9,972 "," 11,273 "," 9,967 "," 9,104 "," 7,917 "," 21,452 "," 109,773 ",,,,,,,,,,,,,,,,,
Female," 1,719 "," 3,829 "," 3,062 "," 3,220 "," 3,854 "," 4,471 "," 5,226 "," 5,975 "," 5,189 "," 4,717 "," 4,185 "," 12,126 "," 57,573 ",,,,,,,,,,,,,,,,,
Male," 1,828 "," 4,208 "," 3,236 "," 3,066 "," 3,542 "," 4,002 "," 4,745 "," 5,297 "," 4,777 "," 4,383 "," 3,731 "," 9,324 "," 52,139 ",,,,,,,,,,,,,,,,,
Indeterminate/Unknown, 14 , 18 , 6 , 4 , 6 , 3 , 1 , 1 , 1 , 4 , 1 , 2 , 61 ,,,,,,,,,,,,,,,,,
GORTON                   ," 3,234 "," 8,996 "," 8,901 "," 9,775 "," 11,499 "," 11,245 "," 10,768 "," 10,026 "," 8,748 "," 8,008 "," 6,703 "," 13,025 "," 110,928 ",,,,,,,,,,,,,,,,,
Female," 1,667 "," 4,465 "," 4,374 "," 4,941 "," 5,815 "," 5,648 "," 5,454 "," 5,190 "," 4,503 "," 4,145 "," 3,453 "," 6,715 "," 56,370 ",,,,,,,,,,,,,,,,,
Male," 1,561 "," 4,524 "," 4,523 "," 4,830 "," 5,683 "," 5,597 "," 5,314 "," 4,835 "," 4,244 "," 3,863 "," 3,250 "," 6,310 "," 54,534 ",,,,,,,,,,,,,,,,,
Indeterminate/Unknown, 6 , 7 , 4 , 4 , 1 , - , - , 1 , 1 , - , - , - , 24 ,,,,,,,,,,,,,,,,,
HAWKE                    ," 2,724 "," 8,169 "," 9,452 "," 10,887 "," 11,252 "," 10,025 "," 9,135 "," 9,097 "," 7,987 "," 7,508 "," 6,821 "," 13,497 "," 106,554 ",,,,,,,,,,,,,,,,,
Female," 1,390 "," 4,023 "," 4,788 "," 5,563 "," 5,606 "," 4,978 "," 4,552 "," 4,657 "," 4,143 "," 3,914 "," 3,609 "," 7,127 "," 54,350 ",,,,,,,,,,,,,,,,,
Male," 1,327 "," 4,140 "," 4,652 "," 5,317 "," 5,645 "," 5,045 "," 4,583 "," 4,439 "," 3,843 "," 3,592 "," 3,212 "," 6,370 "," 52,165 ",,,,,,,,,,,,,,,,,
Indeterminate/Unknown, 7 , 6 , 12 , 7 , 1 , 2 , - , 1 , 1 , 2 , - , - , 39 ,,,,,,,,,,,,,,,,,
HIGGINS                  ," 2,616 "," 8,684 "," 10,891 "," 10,292 "," 9,664 "," 8,408 "," 8,234 "," 9,145 "," 7,997 "," 7,323 "," 6,409 "," 18,119 "," 107,782 ",,,,,,,,,,,,,,,,,
Female," 1,356 "," 4,563 "," 5,652 "," 5,071 "," 4,739 "," 4,219 "," 4,213 "," 4,749 "," 4,126 "," 3,839 "," 3,436 "," 10,238 "," 56,201 ",,,,,,,,,,,,,,,,,
Male," 1,250 "," 4,088 "," 5,222 "," 5,211 "," 4,918 "," 4,187 "," 4,019 "," 4,394 "," 3,868 "," 3,483 "," 2,973 "," 7,879 "," 51,492 ",,,,,,,,,,,,,,,,,
Indeterminate/Unknown, 10 , 33 , 17 , 10 , 7 , 2 , 2 , 2 , 3 , 1 , - , 2 , 89 ,,,,,,,,,,,,,,,,,
HOLT                     ," 2,883 "," 9,195 "," 10,043 "," 11,488 "," 13,681 "," 11,866 "," 9,696 "," 8,960 "," 7,529 "," 6,656 "," 5,092 "," 10,376 "," 107,465 ",,,,,,,,,,,,,,,,,
Female," 1,432 "," 4,621 "," 4,985 "," 5,992 "," 6,812 "," 5,630 "," 4,682 "," 4,490 "," 3,732 "," 3,306 "," 2,563 "," 5,606 "," 53,851 ",,,,,,,,,,,,,,,,,
Male," 1,445 "," 4,563 "," 5,054 "," 5,489 "," 6,866 "," 6,234 "," 5,011 "," 4,469 "," 3,797 "," 3,350 "," 2,529 "," 4,770 "," 53,577 ",,,,,,,,,,,,,,,,,
Indeterminate/Unknown, 6 , 11 , 4 , 7 , 3 , 2 , 3 , 1 , - , - , - , - , 37 ,,,,,,,,,,,,,,,,,
HOTHAM                   ," 2,880 "," 8,613 "," 8,867 "," 8,799 "," 9,900 "," 10,016 "," 9,764 "," 10,289 "," 9,267 "," 8,639 "," 7,652 "," 21,399 "," 116,085 ",,,,,,,,,,,,,,,,,
Female," 1,463 "," 4,231 "," 4,090 "," 4,245 "," 4,882 "," 4,937 "," 4,958 "," 5,147 "," 4,621 "," 4,318 "," 3,979 "," 11,812 "," 58,683 ",,,,,,,,,,,,,,,,,
Male," 1,404 "," 4,358 "," 4,767 "," 4,548 "," 5,015 "," 5,077 "," 4,804 "," 5,142 "," 4,645 "," 4,321 "," 3,671 "," 9,587 "," 57,339 ",,,,,,,,,,,,,,,,,
Indeterminate/Unknown, 13 , 24 , 10 , 6 , 3 , 2 , 2 , - , 1 , - , 2 , - , 63 ,,,,,,,,,,,,,,,,,
INDI                     ," 2,405 "," 6,917 "," 7,566 "," 7,924 "," 8,357 "," 8,185 "," 8,749 "," 9,816 "," 10,086 "," 11,395 "," 10,894 "," 25,277 "," 117,571 ",,,,,,,,,,,,,,,,,
Female," 1,227 "," 3,410 "," 3,710 "," 4,005 "," 4,283 "," 4,212 "," 4,464 "," 5,097 "," 5,162 "," 5,889 "," 5,494 "," 13,121 "," 60,074 ",,,,,,,,,,,,,,,,,
Male," 1,169 "," 3,493 "," 3,855 "," 3,913 "," 4,068 "," 3,972 "," 4,285 "," 4,718 "," 4,922 "," 5,503 "," 5,400 "," 12,156 "," 57,454 ",,,,,,,,,,,,,,,,,
Indeterminate/Unknown, 9 , 14 , 1 , 6 , 6 , 1 , - , 1 , 2 , 3 , - , - , 43 ,,,,,,,,,,,,,,,,,
ISAACS                   ," 2,936 "," 7,444 "," 7,468 "," 8,056 "," 9,810 "," 10,130 "," 10,505 "," 10,581 "," 9,154 "," 8,463 "," 7,264 "," 18,986 "," 110,797 ",,,,,,,,,,,,,,,,,
Female," 1,481 "," 3,675 "," 3,651 "," 4,145 "," 5,075 "," 5,259 "," 5,405 "," 5,506 "," 4,621 "," 4,364 "," 3,823 "," 10,807 "," 57,812 ",,,,,,,,,,,,,,,,,
Male," 1,446 "," 3,755 "," 3,809 "," 3,909 "," 4,732 "," 4,870 "," 5,098 "," 5,073 "," 4,533 "," 4,099 "," 3,441 "," 8,179 "," 52,944 ",,,,,,,,,,,,,,,,,
Indeterminate/Unknown, 9 , 14 , 8 , 2 , 3 , 1 , 2 , 2 , - , - , - , - , 41 ,,,,,,,,,,,,,,,,,
JAGAJAGA                 ," 2,938 "," 7,898 "," 7,743 "," 8,556 "," 9,606 "," 9,863 "," 10,089 "," 10,064 "," 8,978 "," 9,169 "," 8,114 "," 20,221 "," 113,239 ",,,,,,,,,,,,,,,,,
Female," 1,456 "," 3,787 "," 3,843 "," 4,284 "," 4,861 "," 5,018 "," 5,216 "," 5,138 "," 4,677 "," 4,845 "," 4,343 "," 11,147 "," 58,615 ",,,,,,,,,,,,,,,,,
Male," 1,471 "," 4,087 "," 3,883 "," 4,261 "," 4,736 "," 4,842 "," 4,867 "," 4,925 "," 4,301 "," 4,323 "," 3,771 "," 9,074 "," 54,541 ",,,,,,,,,,,,,,,,,
Indeterminate/Unknown, 11 , 24 , 17 , 11 , 9 , 3 , 6 , 1 , - , 1 , - , - , 83 ,,,,,,,,,,,,,,,,,
KOOYONG                  ," 3,805 "," 10,328 "," 9,339 "," 7,808 "," 7,367 "," 8,058 "," 9,073 "," 10,335 "," 9,552 "," 8,770 "," 7,679 "," 20,940 "," 113,054 ",,,,,,,,,,,,,,,,,
Female," 1,941 "," 5,138 "," 4,547 "," 3,815 "," 3,808 "," 4,182 "," 4,881 "," 5,613 "," 5,001 "," 4,603 "," 4,118 "," 11,829 "," 59,476 ",,,,,,,,,,,,,,,,,
Male," 1,852 "," 5,166 "," 4,779 "," 3,988 "," 3,554 "," 3,875 "," 4,189 "," 4,722 "," 4,549 "," 4,165 "," 3,561 "," 9,111 "," 53,511 ",,,,,,,,,,,,,,,,,
Indeterminate/Unknown, 12 , 24 , 13 , 5 , 5 , 1 , 3 , - , 2 , 2 , - , - , 67 ,,,,,,,,,,,,,,,,,
LA TROBE                 ," 3,014 "," 8,707 "," 9,481 "," 10,906 "," 12,038 "," 10,568 "," 9,504 "," 9,008 "," 7,531 "," 6,551 "," 5,481 "," 13,068 "," 105,857 ",,,,,,,,,,,,,,,,,
Female," 1,473 "," 4,387 "," 4,930 "," 5,576 "," 6,126 "," 5,211 "," 4,787 "," 4,603 "," 3,828 "," 3,299 "," 2,914 "," 7,119 "," 54,253 ",,,,,,,,,,,,,,,,,
Male," 1,533 "," 4,306 "," 4,543 "," 5,324 "," 5,910 "," 5,354 "," 4,717 "," 4,403 "," 3,701 "," 3,251 "," 2,567 "," 5,949 "," 51,558 ",,,,,,,,,,,,,,,,,
Indeterminate/Unknown, 8 , 14 , 8 , 6 , 2 , 3 , - , 2 , 2 , 1 , - , - , 46 ,,,,,,,,,,,,,,,,,
LALOR                    ," 2,794 "," 8,554 "," 9,093 "," 11,418 "," 15,306 "," 12,407 "," 9,562 "," 8,378 "," 7,518 "," 6,663 "," 5,251 "," 10,069 "," 107,013 ",,,,,,,,,,,,,,,,,
Female," 1,410 "," 4,281 "," 4,674 "," 5,840 "," 7,469 "," 5,692 "," 4,592 "," 4,145 "," 3,820 "," 3,368 "," 2,630 "," 5,450 "," 53,371 ",,,,,,,,,,,,,,,,,
Male," 1,370 "," 4,257 "," 4,411 "," 5,573 "," 7,830 "," 6,711 "," 4,966 "," 4,232 "," 3,697 "," 3,295 "," 2,621 "," 4,619 "," 53,582 ",,,,,,,,,,,,,,,,,
Indeterminate/Unknown, 14 , 16 , 8 , 5 , 7 , 4 , 4 , 1 , 1 , - , - , - , 60 ,,,,,,,,,,,,,,,,,
MACNAMARA                ," 1,989 "," 7,309 "," 10,663 "," 12,190 "," 11,888 "," 10,320 "," 9,368 "," 9,286 "," 8,147 "," 7,566 "," 6,471 "," 15,479 "," 110,676 ",,,,,,,,,,,,,,,,,
Female," 1,037 "," 3,882 "," 5,578 "," 6,129 "," 5,798 "," 5,124 "," 4,698 "," 4,895 "," 4,129 "," 3,865 "," 3,360 "," 8,282 "," 56,777 ",,,,,,,,,,,,,,,,,
Male, 939 ," 3,390 "," 5,058 "," 6,044 "," 6,076 "," 5,191 "," 4,667 "," 4,388 "," 4,017 "," 3,699 "," 3,110 "," 7,197 "," 53,776 ",,,,,,,,,,,,,,,,,
Indeterminate/Unknown, 13 , 37 , 27 , 17 , 14 , 5 , 3 , 3 , 1 , 2 , 1 , - , 123 ,,,,,,,,,,,,,,,,,
MALLEE                   ," 2,210 "," 7,683 "," 8,240 "," 8,312 "," 7,834 "," 7,539 "," 8,311 "," 9,763 "," 10,513 "," 11,710 "," 10,750 "," 27,474 "," 120,339 ",,,,,,,,,,,,,,,,,
Female," 1,128 "," 3,803 "," 4,155 "," 4,150 "," 3,936 "," 3,836 "," 4,250 "," 5,039 "," 5,263 "," 5,789 "," 5,290 "," 14,448 "," 61,087 ",,,,,,,,,,,,,,,,,
Male," 1,075 "," 3,873 "," 4,084 "," 4,161 "," 3,895 "," 3,697 "," 4,059 "," 4,723 "," 5,249 "," 5,920 "," 5,460 "," 13,024 "," 59,220 ",,,,,,,,,,,,,,,,,
Indeterminate/Unknown, 7 , 7 , 1 , 1 , 3 , 6 , 2 , 1 , 1 , 1 , - , 2 , 32 ,,,,,,,,,,,,,,,,,
MARIBYRNONG              ," 2,566 "," 7,922 "," 9,135 "," 9,578 "," 9,797 "," 9,515 "," 9,360 "," 9,799 "," 8,344 "," 7,918 "," 6,742 "," 18,354 "," 109,030 ",,,,,,,,,,,,,,,,,
Female," 1,315 "," 3,948 "," 4,504 "," 4,838 "," 4,953 "," 4,852 "," 4,823 "," 4,949 "," 4,356 "," 4,133 "," 3,598 "," 10,254 "," 56,523 ",,,,,,,,,,,,,,,,,
Male," 1,241 "," 3,948 "," 4,596 "," 4,716 "," 4,836 "," 4,660 "," 4,533 "," 4,849 "," 3,987 "," 3,785 "," 3,144 "," 8,100 "," 52,395 ",,,,,,,,,,,,,,,,,
Indeterminate/Unknown, 10 , 26 , 35 , 24 , 8 , 3 , 4 , 1 , 1 , - , - , - , 112 ,,,,,,,,,,,,,,,,,
MCEWEN                   ," 3,120 "," 8,010 "," 8,076 "," 9,850 "," 11,329 "," 10,580 "," 10,130 "," 9,902 "," 8,672 "," 7,898 "," 6,768 "," 13,754 "," 108,089 ",,,,,,,,,,,,,,,,,
Female," 1,529 "," 3,952 "," 4,061 "," 5,075 "," 5,743 "," 5,354 "," 5,232 "," 5,114 "," 4,436 "," 3,991 "," 3,557 "," 7,101 "," 55,145 ",,,,,,,,,,,,,,,,,
Male," 1,580 "," 4,052 "," 4,010 "," 4,760 "," 5,579 "," 5,225 "," 4,898 "," 4,784 "," 4,235 "," 3,907 "," 3,211 "," 6,653 "," 52,894 ",,,,,,,,,,,,,,,,,
Indeterminate/Unknown, 11 , 6 , 5 , 15 , 7 , 1 , - , 4 , 1 , - , - , - , 50 ,,,,,,,,,,,,,,,,,
MELBOURNE                ," 2,456 "," 11,165 "," 17,178 "," 16,961 "," 12,989 "," 9,715 "," 7,814 "," 7,404 "," 6,515 "," 5,904 "," 5,052 "," 11,294 "," 114,447 ",,,,,,,,,,,,,,,,,
Female," 1,414 "," 6,061 "," 8,730 "," 8,020 "," 6,085 "," 4,501 "," 3,710 "," 3,711 "," 3,226 "," 2,961 "," 2,658 "," 6,167 "," 57,244 ",,,,,,,,,,,,,,,,,
Male," 1,023 "," 5,023 "," 8,361 "," 8,887 "," 6,881 "," 5,205 "," 4,097 "," 3,687 "," 3,286 "," 2,942 "," 2,389 "," 5,127 "," 56,908 ",,,,,,,,,,,,,,,,,
Indeterminate/Unknown, 19 , 81 , 87 , 54 , 23 , 9 , 7 , 6 , 3 , 1 , 5 , - , 295 ,,,,,,,,,,,,,,,,,
MENZIES                  ," 3,229 "," 8,730 "," 7,250 "," 6,859 "," 8,139 "," 8,807 "," 9,295 "," 10,388 "," 9,663 "," 8,898 "," 7,579 "," 24,039 "," 112,876 ",,,,,,,,,,,,,,,,,
Female," 1,554 "," 4,194 "," 3,364 "," 3,307 "," 4,165 "," 4,482 "," 4,787 "," 5,414 "," 5,052 "," 4,587 "," 4,023 "," 13,309 "," 58,238 ",,,,,,,,,,,,,,,,,
Male," 1,657 "," 4,516 "," 3,873 "," 3,545 "," 3,973 "," 4,324 "," 4,507 "," 4,973 "," 4,611 "," 4,311 "," 3,556 "," 10,730 "," 54,576 ",,,,,,,,,,,,,,,,,
Indeterminate/Unknown, 18 , 20 , 13 , 7 , 1 , 1 , 1 , 1 , - , - , - , - , 62 ,,,,,,,,,,,,,,,,,
MONASH                   ," 2,258 "," 6,551 "," 7,373 "," 7,706 "," 7,844 "," 7,330 "," 7,791 "," 8,885 "," 9,264 "," 10,648 "," 10,498 "," 25,093 "," 111,241 ",,,,,,,,,,,,,,,,,
Female," 1,174 "," 3,216 "," 3,777 "," 3,926 "," 4,056 "," 3,746 "," 4,016 "," 4,596 "," 4,817 "," 5,536 "," 5,365 "," 13,064 "," 57,289 ",,,,,,,,,,,,,,,,,
Male," 1,078 "," 3,324 "," 3,591 "," 3,774 "," 3,784 "," 3,581 "," 3,772 "," 4,288 "," 4,447 "," 5,109 "," 5,131 "," 12,025 "," 53,904 ",,,,,,,,,,,,,,,,,
Indeterminate/Unknown, 6 , 11 , 5 , 6 , 4 , 3 , 3 , 1 , - , 3 , 2 , 4 , 48 ,,,,,,,,,,,,,,,,,
NICHOLLS                 ," 2,352 "," 7,959 "," 8,091 "," 7,903 "," 7,778 "," 7,671 "," 8,446 "," 9,569 "," 9,804 "," 10,469 "," 9,841 "," 24,659 "," 114,542 ",,,,,,,,,,,,,,,,,
Female," 1,183 "," 3,947 "," 4,004 "," 3,994 "," 3,998 "," 3,932 "," 4,302 "," 4,816 "," 5,052 "," 5,243 "," 4,944 "," 12,819 "," 58,234 ",,,,,,,,,,,,,,,,,
Male," 1,157 "," 4,005 "," 4,079 "," 3,903 "," 3,780 "," 3,737 "," 4,143 "," 4,750 "," 4,750 "," 5,225 "," 4,895 "," 11,837 "," 56,261 ",,,,,,,,,,,,,,,,,
Indeterminate/Unknown, 12 , 7 , 8 , 6 , - , 2 , 1 , 3 , 2 , 1 , 2 , 3 , 47 ,,,,,,,,,,,,,,,,,
SCULLIN                  ," 2,710 "," 8,216 "," 8,960 "," 9,627 "," 11,198 "," 10,387 "," 9,514 "," 9,405 "," 8,670 "," 7,971 "," 6,730 "," 15,282 "," 108,670 ",,,,,,,,,,,,,,,,,
Female," 1,338 "," 4,153 "," 4,368 "," 4,807 "," 5,674 "," 5,079 "," 4,747 "," 4,834 "," 4,419 "," 4,188 "," 3,535 "," 8,190 "," 55,332 ",,,,,,,,,,,,,,,,,
Male," 1,371 "," 4,056 "," 4,585 "," 4,813 "," 5,521 "," 5,307 "," 4,765 "," 4,570 "," 4,250 "," 3,782 "," 3,195 "," 7,092 "," 53,307 ",,,,,,,,,,,,,,,,,
Indeterminate/Unknown, 1 , 7 , 7 , 7 , 3 , 1 , 2 , 1 , 1 , 1 , - , - , 31 ,,,,,,,,,,,,,,,,,
WANNON                   ," 2,552 "," 7,302 "," 7,668 "," 7,615 "," 7,591 "," 7,653 "," 8,506 "," 9,599 "," 10,215 "," 11,182 "," 10,783 "," 25,192 "," 115,858 ",,,,,,,,,,,,,,,,,
Female," 1,313 "," 3,512 "," 3,771 "," 3,787 "," 3,851 "," 3,912 "," 4,249 "," 4,976 "," 5,304 "," 5,703 "," 5,448 "," 13,272 "," 59,098 ",,,,,,,,,,,,,,,,,
Male," 1,227 "," 3,781 "," 3,894 "," 3,822 "," 3,737 "," 3,738 "," 4,255 "," 4,620 "," 4,910 "," 5,476 "," 5,333 "," 11,920 "," 56,713 ",,,,,,,,,,,,,,,,,
Indeterminate/Unknown, 12 , 9 , 3 , 6 , 3 , 3 , 2 , 3 , 1 , 3 , 2 , - , 47 ,,,,,,,,,,,,,,,,,
WILLS                    ," 2,018 "," 8,279 "," 11,716 "," 13,192 "," 12,187 "," 10,219 "," 8,986 "," 8,566 "," 7,391 "," 6,417 "," 5,067 "," 14,462 "," 108,500 ",,,,,,,,,,,,,,,,,
Female," 1,040 "," 4,309 "," 6,120 "," 6,608 "," 6,020 "," 5,058 "," 4,580 "," 4,309 "," 3,775 "," 3,316 "," 2,677 "," 8,334 "," 56,146 ",,,,,,,,,,,,,,,,,
Male, 969 ," 3,903 "," 5,500 "," 6,518 "," 6,130 "," 5,146 "," 4,401 "," 4,252 "," 3,612 "," 3,098 "," 2,390 "," 6,128 "," 52,047 ",,,,,,,,,,,,,,,,,
Indeterminate/Unknown, 9 , 67 , 96 , 66 , 37 , 15 , 5 , 5 , 4 , 3 , - , - , 307 ,,,,,,,,,,,,,,,,,
QLD," 83,361 "," 275,908 "," 284,821 "," 286,094 "," 297,786 "," 289,086 "," 294,922 "," 302,132 "," 281,701 "," 277,101 "," 246,268 "," 584,429 "," 3,503,609 ",,,,,,,,,,,,,,,,,
BLAIR                    ," 3,002 "," 10,942 "," 11,964 "," 12,529 "," 12,306 "," 10,525 "," 10,454 "," 10,449 "," 9,778 "," 9,427 "," 7,828 "," 17,266 "," 126,470 ",,,,,,,,,,,,,,,,,
Female," 1,552 "," 5,515 "," 6,120 "," 6,472 "," 6,264 "," 5,273 "," 5,264 "," 5,346 "," 4,979 "," 4,831 "," 3,940 "," 9,170 "," 64,726 ",,,,,,,,,,,,,,,,,
Male," 1,438 "," 5,406 "," 5,829 "," 6,047 "," 6,036 "," 5,246 "," 5,187 "," 5,095 "," 4,797 "," 4,595 "," 3,887 "," 8,096 "," 61,659 ",,,,,,,,,,,,,,,,,
Indeterminate/Unknown, 12 , 21 , 15 , 10 , 6 , 6 , 3 , 8 , 2 , 1 , 1 , - , 85 ,,,,,,,,,,,,,,,,,
BONNER                   ," 2,994 "," 8,466 "," 7,777 "," 8,408 "," 9,995 "," 10,199 "," 10,495 "," 9,852 "," 8,819 "," 7,867 "," 6,831 "," 17,466 "," 109,169 ",,,,,,,,,,,,,,,,,
Female," 1,467 "," 4,152 "," 3,786 "," 4,279 "," 5,178 "," 5,219 "," 5,417 "," 5,066 "," 4,490 "," 4,078 "," 3,607 "," 9,756 "," 56,495 ",,,,,,,,,,,,,,,,,
Male," 1,514 "," 4,300 "," 3,972 "," 4,121 "," 4,811 "," 4,978 "," 5,073 "," 4,784 "," 4,327 "," 3,789 "," 3,223 "," 7,708 "," 52,600 ",,,,,,,,,,,,,,,,,
Indeterminate/Unknown, 13 , 14 , 19 , 8 , 6 , 2 , 5 , 2 , 2 , - , 1 , 2 , 74 ,,,,,,,,,,,,,,,,,
BOWMAN                   ," 2,937 "," 8,064 "," 7,265 "," 7,749 "," 8,810 "," 8,886 "," 9,662 "," 10,072 "," 9,917 "," 10,302 "," 9,446 "," 22,654 "," 115,764 ",,,,,,,,,,,,,,,,,
Female," 1,472 "," 3,824 "," 3,570 "," 3,931 "," 4,578 "," 4,608 "," 5,009 "," 5,337 "," 5,143 "," 5,408 "," 4,942 "," 12,197 "," 60,019 ",,,,,,,,,,,,,,,,,
Male," 1,454 "," 4,224 "," 3,689 "," 3,812 "," 4,232 "," 4,272 "," 4,653 "," 4,732 "," 4,773 "," 4,890 "," 4,503 "," 10,455 "," 55,689 ",,,,,,,,,,,,,,,,,
Indeterminate/Unknown, 11 , 16 , 6 , 6 , - , 6 , - , 3 , 1 , 4 , 1 , 2 , 56 ,,,,,,,,,,,,,,,,,
BRISBANE                 ," 3,368 "," 13,225 "," 15,564 "," 13,878 "," 12,378 "," 10,773 "," 10,466 "," 10,664 "," 8,891 "," 7,447 "," 5,911 "," 12,676 "," 125,241 ",,,,,,,,,,,,,,,,,
Female," 1,764 "," 7,063 "," 7,811 "," 6,647 "," 5,818 "," 5,192 "," 5,158 "," 5,339 "," 4,361 "," 3,767 "," 2,991 "," 6,848 "," 62,759 ",,,,,,,,,,,,,,,,,
Male," 1,584 "," 6,104 "," 7,712 "," 7,205 "," 6,549 "," 5,575 "," 5,304 "," 5,318 "," 4,526 "," 3,680 "," 2,918 "," 5,827 "," 62,302 ",,,,,,,,,,,,,,,,,
Indeterminate/Unknown, 20 , 58 , 41 , 26 , 11 , 6 , 4 , 7 , 4 , - , 2 , 1 , 180 ,,,,,,,,,,,,,,,,,
CAPRICORNIA              ," 2,259 "," 8,252 "," 9,072 "," 9,349 "," 9,616 "," 8,919 "," 8,855 "," 9,348 "," 9,185 "," 9,343 "," 7,728 "," 16,762 "," 108,688 ",,,,,,,,,,,,,,,,,
Female," 1,173 "," 4,113 "," 4,600 "," 4,702 "," 4,841 "," 4,423 "," 4,367 "," 4,713 "," 4,543 "," 4,635 "," 3,703 "," 8,748 "," 54,561 ",,,,,,,,,,,,,,,,,
Male," 1,077 "," 4,135 "," 4,471 "," 4,645 "," 4,773 "," 4,494 "," 4,487 "," 4,635 "," 4,642 "," 4,708 "," 4,025 "," 8,012 "," 54,104 ",,,,,,,,,,,,,,,,,
Indeterminate/Unknown, 9 , 4 , 1 , 2 , 2 , 2 , 1 , - , - , - , - , 2 , 23 ,,,,,,,,,,,,,,,,,
DAWSON                   ," 2,081 "," 8,118 "," 8,829 "," 8,893 "," 9,225 "," 8,872 "," 9,494 "," 10,028 "," 9,769 "," 9,620 "," 8,199 "," 17,228 "," 110,356 ",,,,,,,,,,,,,,,,,
Female," 1,069 "," 4,053 "," 4,208 "," 4,384 "," 4,689 "," 4,401 "," 4,691 "," 5,040 "," 4,811 "," 4,695 "," 4,024 "," 8,912 "," 54,977 ",,,,,,,,,,,,,,,,,
Male," 1,002 "," 4,059 "," 4,615 "," 4,506 "," 4,532 "," 4,470 "," 4,801 "," 4,987 "," 4,954 "," 4,922 "," 4,172 "," 8,315 "," 55,335 ",,,,,,,,,,,,,,,,,
Indeterminate/Unknown, 10 , 6 , 6 , 3 , 4 , 1 , 2 , 1 , 4 , 3 , 3 , 1 , 44 ,,,,,,,,,,,,,,,,,
DICKSON                  ," 3,312 "," 9,085 "," 8,573 "," 9,249 "," 9,886 "," 10,431 "," 10,609 "," 10,970 "," 9,196 "," 8,566 "," 7,150 "," 15,830 "," 112,857 ",,,,,,,,,,,,,,,,,
Female," 1,653 "," 4,452 "," 4,271 "," 4,696 "," 5,134 "," 5,330 "," 5,475 "," 5,613 "," 4,691 "," 4,399 "," 3,737 "," 8,437 "," 57,888 ",,,,,,,,,,,,,,,,,
Male," 1,645 "," 4,605 "," 4,293 "," 4,550 "," 4,749 "," 5,095 "," 5,132 "," 5,356 "," 4,500 "," 4,166 "," 3,411 "," 7,391 "," 54,893 ",,,,,,,,,,,,,,,,,
Indeterminate/Unknown, 14 , 28 , 9 , 3 , 3 , 6 , 2 , 1 , 5 , 1 , 2 , 2 , 76 ,,,,,,,,,,,,,,,,,
FADDEN                   ," 3,100 "," 10,237 "," 10,592 "," 10,215 "," 10,372 "," 10,338 "," 10,633 "," 10,913 "," 10,144 "," 9,605 "," 8,866 "," 22,797 "," 127,812 ",,,,,,,,,,,,,,,,,
Female," 1,582 "," 5,182 "," 5,381 "," 5,282 "," 5,319 "," 5,291 "," 5,490 "," 5,667 "," 5,244 "," 5,089 "," 4,767 "," 12,198 "," 66,492 ",,,,,,,,,,,,,,,,,
Male," 1,509 "," 5,047 "," 5,198 "," 4,927 "," 5,051 "," 5,043 "," 5,138 "," 5,245 "," 4,899 "," 4,516 "," 4,097 "," 10,598 "," 61,268 ",,,,,,,,,,,,,,,,,
Indeterminate/Unknown, 9 , 8 , 13 , 6 , 2 , 4 , 5 , 1 , 1 , - , 2 , 1 , 52 ,,,,,,,,,,,,,,,,,
FAIRFAX                  ," 2,692 "," 7,889 "," 7,827 "," 8,374 "," 9,492 "," 9,790 "," 10,551 "," 10,803 "," 10,496 "," 10,761 "," 10,011 "," 24,727 "," 123,413 ",,,,,,,,,,,,,,,,,
Female," 1,397 "," 4,071 "," 3,976 "," 4,258 "," 4,904 "," 5,067 "," 5,431 "," 5,696 "," 5,605 "," 5,748 "," 5,280 "," 13,250 "," 64,683 ",,,,,,,,,,,,,,,,,
Male," 1,280 "," 3,809 "," 3,845 "," 4,112 "," 4,586 "," 4,721 "," 5,116 "," 5,106 "," 4,887 "," 5,010 "," 4,730 "," 11,476 "," 58,678 ",,,,,,,,,,,,,,,,,
Indeterminate/Unknown, 15 , 9 , 6 , 4 , 2 , 2 , 4 , 1 , 4 , 3 , 1 , 1 , 52 ,,,,,,,,,,,,,,,,,
FISHER                   ," 3,128 "," 8,730 "," 8,657 "," 8,640 "," 9,313 "," 9,435 "," 10,021 "," 10,663 "," 10,280 "," 10,703 "," 9,994 "," 26,338 "," 125,902 ",,,,,,,,,,,,,,,,,
Female," 1,684 "," 4,441 "," 4,339 "," 4,440 "," 4,925 "," 4,877 "," 5,174 "," 5,575 "," 5,544 "," 5,663 "," 5,387 "," 14,128 "," 66,177 ",,,,,,,,,,,,,,,,,
Male," 1,430 "," 4,282 "," 4,311 "," 4,195 "," 4,383 "," 4,555 "," 4,846 "," 5,085 "," 4,734 "," 5,040 "," 4,606 "," 12,208 "," 59,675 ",,,,,,,,,,,,,,,,,
Indeterminate/Unknown, 14 , 7 , 7 , 5 , 5 , 3 , 1 , 3 , 2 , - , 1 , 2 , 50 ,,,,,,,,,,,,,,,,,
FLYNN                    ," 2,216 "," 7,711 "," 8,459 "," 8,760 "," 9,268 "," 8,901 "," 9,254 "," 9,971 "," 10,136 "," 10,110 "," 8,175 "," 16,114 "," 109,075 ",,,,,,,,,,,,,,,,,
Female," 1,160 "," 3,770 "," 4,274 "," 4,438 "," 4,691 "," 4,399 "," 4,633 "," 4,854 "," 4,940 "," 4,804 "," 3,794 "," 7,728 "," 53,485 ",,,,,,,,,,,,,,,,,
Male," 1,048 "," 3,933 "," 4,182 "," 4,320 "," 4,573 "," 4,498 "," 4,618 "," 5,116 "," 5,194 "," 5,303 "," 4,377 "," 8,382 "," 55,544 ",,,,,,,,,,,,,,,,,
Indeterminate/Unknown, 8 , 8 , 3 , 2 , 4 , 4 , 3 , 1 , 2 , 3 , 4 , 4 , 46 ,,,,,,,,,,,,,,,,,
FORDE                    ," 3,008 "," 10,397 "," 11,253 "," 11,174 "," 11,237 "," 10,443 "," 10,118 "," 9,949 "," 8,538 "," 8,381 "," 7,367 "," 17,333 "," 119,198 ",,,,,,,,,,,,,,,,,
Female," 1,524 "," 5,305 "," 5,708 "," 5,699 "," 5,750 "," 5,286 "," 5,096 "," 5,152 "," 4,333 "," 4,425 "," 3,878 "," 9,375 "," 61,531 ",,,,,,,,,,,,,,,,,
Male," 1,471 "," 5,064 "," 5,532 "," 5,466 "," 5,483 "," 5,154 "," 5,018 "," 4,795 "," 4,200 "," 3,951 "," 3,489 "," 7,956 "," 57,579 ",,,,,,,,,,,,,,,,,
Indeterminate/Unknown, 13 , 28 , 13 , 9 , 4 , 3 , 4 , 2 , 5 , 5 , - , 2 , 88 ,,,,,,,,,,,,,,,,,
GRIFFITH                 ," 3,456 "," 12,570 "," 13,909 "," 12,659 "," 12,483 "," 11,221 "," 10,740 "," 10,557 "," 8,481 "," 7,321 "," 5,611 "," 12,269 "," 121,277 ",,,,,,,,,,,,,,,,,
Female," 1,778 "," 6,711 "," 6,971 "," 6,191 "," 6,249 "," 5,608 "," 5,421 "," 5,378 "," 4,304 "," 3,720 "," 2,977 "," 6,779 "," 62,087 ",,,,,,,,,,,,,,,,,
Male," 1,657 "," 5,798 "," 6,890 "," 6,437 "," 6,220 "," 5,606 "," 5,316 "," 5,177 "," 4,174 "," 3,596 "," 2,633 "," 5,490 "," 58,994 ",,,,,,,,,,,,,,,,,
Indeterminate/Unknown, 21 , 61 , 48 , 31 , 14 , 7 , 3 , 2 , 3 , 5 , 1 , - , 196 ,,,,,,,,,,,,,,,,,
GROOM                    ," 2,745 "," 8,796 "," 9,073 "," 8,862 "," 8,816 "," 8,236 "," 8,560 "," 9,076 "," 8,457 "," 8,917 "," 8,143 "," 21,251 "," 110,932 ",,,,,,,,,,,,,,,,,
Female," 1,416 "," 4,349 "," 4,563 "," 4,562 "," 4,601 "," 4,263 "," 4,446 "," 4,738 "," 4,451 "," 4,711 "," 4,313 "," 11,754 "," 58,167 ",,,,,,,,,,,,,,,,,
Male," 1,316 "," 4,433 "," 4,502 "," 4,291 "," 4,209 "," 3,970 "," 4,113 "," 4,335 "," 4,004 "," 4,206 "," 3,830 "," 9,497 "," 52,706 ",,,,,,,,,,,,,,,,,
Indeterminate/Unknown, 13 , 14 , 8 , 9 , 6 , 3 , 1 , 3 , 2 , - , - , - , 59 ,,,,,,,,,,,,,,,,,
HERBERT                  ," 2,668 "," 11,006 "," 11,667 "," 10,528 "," 10,120 "," 9,300 "," 9,449 "," 9,643 "," 8,876 "," 8,732 "," 7,097 "," 15,171 "," 114,257 ",,,,,,,,,,,,,,,,,
Female," 1,456 "," 5,568 "," 5,512 "," 5,252 "," 5,146 "," 4,745 "," 4,779 "," 4,932 "," 4,471 "," 4,475 "," 3,612 "," 8,125 "," 58,073 ",,,,,,,,,,,,,,,,,
Male," 1,206 "," 5,431 "," 6,148 "," 5,269 "," 4,970 "," 4,552 "," 4,668 "," 4,707 "," 4,403 "," 4,255 "," 3,485 "," 7,045 "," 56,139 ",,,,,,,,,,,,,,,,,
Indeterminate/Unknown, 6 , 7 , 7 , 7 , 4 , 3 , 2 , 4 , 2 , 2 , - , 1 , 45 ,,,,,,,,,,,,,,,,,
HINKLER                  ," 1,922 "," 6,526 "," 6,652 "," 6,504 "," 6,849 "," 7,298 "," 8,079 "," 9,026 "," 9,787 "," 11,406 "," 11,778 "," 31,479 "," 117,306 ",,,,,,,,,,,,,,,,,
Female, 986 ," 3,254 "," 3,302 "," 3,345 "," 3,643 "," 3,887 "," 4,169 "," 4,774 "," 5,254 "," 6,063 "," 6,146 "," 16,376 "," 61,199 ",,,,,,,,,,,,,,,,,
Male, 930 ," 3,263 "," 3,348 "," 3,155 "," 3,204 "," 3,411 "," 3,909 "," 4,250 "," 4,529 "," 5,341 "," 5,630 "," 15,101 "," 56,071 ",,,,,,,,,,,,,,,,,
Indeterminate/Unknown, 6 , 9 , 2 , 4 , 2 , - , 1 , 2 , 4 , 2 , 2 , 2 , 36 ,,,,,,,,,,,,,,,,,
KENNEDY                  ," 1,789 "," 7,516 "," 8,690 "," 8,894 "," 8,433 "," 8,525 "," 9,011 "," 10,110 "," 10,255 "," 10,579 "," 9,612 "," 21,072 "," 114,486 ",,,,,,,,,,,,,,,,,
Female, 908 ," 3,742 "," 4,258 "," 4,551 "," 4,322 "," 4,375 "," 4,593 "," 5,099 "," 5,100 "," 5,163 "," 4,683 "," 10,345 "," 57,139 ",,,,,,,,,,,,,,,,,
Male, 878 ," 3,765 "," 4,423 "," 4,338 "," 4,108 "," 4,146 "," 4,417 "," 5,009 "," 5,149 "," 5,415 "," 4,928 "," 10,724 "," 57,300 ",,,,,,,,,,,,,,,,,
Indeterminate/Unknown, 3 , 9 , 9 , 5 , 3 , 4 , 1 , 2 , 6 , 1 , 1 , 3 , 47 ,,,,,,,,,,,,,,,,,
LEICHHARDT               ," 2,123 "," 8,132 "," 9,257 "," 9,903 "," 10,082 "," 10,179 "," 10,891 "," 11,102 "," 10,482 "," 10,000 "," 8,568 "," 16,543 "," 117,262 ",,,,,,,,,,,,,,,,,
Female," 1,078 "," 4,083 "," 4,762 "," 4,977 "," 5,182 "," 5,221 "," 5,458 "," 5,495 "," 5,218 "," 4,988 "," 4,169 "," 8,257 "," 58,888 ",,,,,,,,,,,,,,,,,
Male," 1,037 "," 4,045 "," 4,485 "," 4,924 "," 4,894 "," 4,956 "," 5,432 "," 5,604 "," 5,263 "," 5,009 "," 4,399 "," 8,285 "," 58,333 ",,,,,,,,,,,,,,,,,
Indeterminate/Unknown, 8 , 4 , 10 , 2 , 6 , 2 , 1 , 3 , 1 , 3 , - , 1 , 41 ,,,,,,,,,,,,,,,,,
LILLEY                   ," 2,577 "," 8,714 "," 10,042 "," 10,740 "," 11,133 "," 9,935 "," 9,740 "," 9,375 "," 8,226 "," 7,511 "," 6,546 "," 17,852 "," 112,391 ",,,,,,,,,,,,,,,,,
Female," 1,321 "," 4,461 "," 5,047 "," 5,303 "," 5,568 "," 4,969 "," 4,962 "," 4,795 "," 4,227 "," 3,908 "," 3,461 "," 10,286 "," 58,308 ",,,,,,,,,,,,,,,,,
Male," 1,247 "," 4,229 "," 4,979 "," 5,420 "," 5,557 "," 4,963 "," 4,776 "," 4,576 "," 3,997 "," 3,602 "," 3,085 "," 7,566 "," 53,997 ",,,,,,,,,,,,,,,,,
Indeterminate/Unknown, 9 , 24 , 16 , 17 , 8 , 3 , 2 , 4 , 2 , 1 , - , - , 86 ,,,,,,,,,,,,,,,,,
LONGMAN                  ," 2,957 "," 9,784 "," 10,364 "," 10,188 "," 10,024 "," 9,554 "," 10,050 "," 10,552 "," 10,179 "," 10,324 "," 10,220 "," 24,914 "," 129,110 ",,,,,,,,,,,,,,,,,
Female," 1,585 "," 4,881 "," 5,364 "," 5,347 "," 5,260 "," 4,965 "," 5,125 "," 5,527 "," 5,316 "," 5,477 "," 5,363 "," 12,983 "," 67,193 ",,,,,,,,,,,,,,,,,
Male," 1,352 "," 4,890 "," 4,994 "," 4,833 "," 4,759 "," 4,585 "," 4,918 "," 5,024 "," 4,862 "," 4,845 "," 4,852 "," 11,928 "," 61,842 ",,,,,,,,,,,,,,,,,
Indeterminate/Unknown, 20 , 13 , 6 , 8 , 5 , 4 , 7 , 1 , 1 , 2 , 5 , 3 , 75 ,,,,,,,,,,,,,,,,,
MARANOA                  ," 2,096 "," 7,604 "," 7,823 "," 7,431 "," 7,462 "," 7,360 "," 8,195 "," 9,356 "," 9,681 "," 10,159 "," 9,586 "," 22,387 "," 109,140 ",,,,,,,,,,,,,,,,,
Female," 1,083 "," 3,794 "," 3,937 "," 3,751 "," 3,880 "," 3,794 "," 4,141 "," 4,730 "," 4,852 "," 5,065 "," 4,684 "," 11,195 "," 54,906 ",,,,,,,,,,,,,,,,,
Male," 1,007 "," 3,799 "," 3,880 "," 3,676 "," 3,581 "," 3,565 "," 4,052 "," 4,623 "," 4,827 "," 5,093 "," 4,902 "," 11,189 "," 54,194 ",,,,,,,,,,,,,,,,,
Indeterminate/Unknown, 6 , 11 , 6 , 4 , 1 , 1 , 2 , 3 , 2 , 1 , - , 3 , 40 ,,,,,,,,,,,,,,,,,
MCPHERSON                ," 2,896 "," 8,742 "," 9,331 "," 9,615 "," 10,038 "," 10,198 "," 10,285 "," 9,819 "," 8,758 "," 8,903 "," 8,095 "," 20,604 "," 117,284 ",,,,,,,,,,,,,,,,,
Female," 1,469 "," 4,607 "," 4,890 "," 5,008 "," 5,207 "," 5,349 "," 5,190 "," 5,105 "," 4,580 "," 4,764 "," 4,353 "," 11,264 "," 61,786 ",,,,,,,,,,,,,,,,,
Male," 1,418 "," 4,128 "," 4,427 "," 4,598 "," 4,827 "," 4,848 "," 5,094 "," 4,709 "," 4,177 "," 4,138 "," 3,740 "," 9,338 "," 55,442 ",,,,,,,,,,,,,,,,,
Indeterminate/Unknown, 9 , 7 , 14 , 9 , 4 , 1 , 1 , 5 , 1 , 1 , 2 , 2 , 56 ,,,,,,,,,,,,,,,,,
MONCRIEFF                ," 2,663 "," 9,834 "," 10,006 "," 9,590 "," 9,442 "," 9,343 "," 9,657 "," 10,170 "," 9,497 "," 9,475 "," 8,807 "," 24,152 "," 122,636 ",,,,,,,,,,,,,,,,,
Female," 1,421 "," 5,204 "," 5,070 "," 4,719 "," 4,614 "," 4,556 "," 4,829 "," 5,111 "," 4,806 "," 4,955 "," 4,609 "," 13,009 "," 62,903 ",,,,,,,,,,,,,,,,,
Male," 1,232 "," 4,617 "," 4,925 "," 4,864 "," 4,827 "," 4,783 "," 4,824 "," 5,058 "," 4,688 "," 4,515 "," 4,197 "," 11,141 "," 59,671 ",,,,,,,,,,,,,,,,,
Indeterminate/Unknown, 10 , 13 , 11 , 7 , 1 , 4 , 4 , 1 , 3 , 5 , 1 , 2 , 62 ,,,,,,,,,,,,,,,,,
MORETON                  ," 2,794 "," 9,927 "," 9,652 "," 9,454 "," 10,540 "," 9,844 "," 9,040 "," 8,778 "," 7,785 "," 7,195 "," 6,305 "," 15,814 "," 107,128 ",,,,,,,,,,,,,,,,,
Female," 1,428 "," 4,948 "," 4,567 "," 4,543 "," 5,197 "," 4,889 "," 4,539 "," 4,440 "," 3,932 "," 3,646 "," 3,300 "," 8,682 "," 54,111 ",,,,,,,,,,,,,,,,,
Male," 1,347 "," 4,937 "," 5,054 "," 4,906 "," 5,336 "," 4,953 "," 4,498 "," 4,334 "," 3,852 "," 3,548 "," 3,004 "," 7,132 "," 52,901 ",,,,,,,,,,,,,,,,,
Indeterminate/Unknown, 19 , 42 , 31 , 5 , 7 , 2 , 3 , 4 , 1 , 1 , 1 , - , 116 ,,,,,,,,,,,,,,,,,
OXLEY                    ," 3,079 "," 9,673 "," 10,123 "," 10,952 "," 11,712 "," 10,748 "," 9,931 "," 9,811 "," 8,613 "," 7,950 "," 6,393 "," 13,755 "," 112,740 ",,,,,,,,,,,,,,,,,
Female," 1,549 "," 4,799 "," 5,094 "," 5,582 "," 6,040 "," 5,357 "," 5,116 "," 5,019 "," 4,388 "," 4,012 "," 3,284 "," 7,497 "," 57,737 ",,,,,,,,,,,,,,,,,
Male," 1,518 "," 4,861 "," 5,019 "," 5,359 "," 5,667 "," 5,387 "," 4,811 "," 4,791 "," 4,223 "," 3,937 "," 3,108 "," 6,258 "," 54,939 ",,,,,,,,,,,,,,,,,
Indeterminate/Unknown, 12 , 13 , 10 , 11 , 5 , 4 , 4 , 1 , 2 , 1 , 1 , - , 64 ,,,,,,,,,,,,,,,,,
PETRIE                   ," 3,014 "," 9,126 "," 9,345 "," 10,186 "," 11,295 "," 10,961 "," 10,581 "," 10,391 "," 9,493 "," 8,957 "," 8,442 "," 23,175 "," 124,966 ",,,,,,,,,,,,,,,,,
Female," 1,545 "," 4,574 "," 4,769 "," 5,210 "," 5,868 "," 5,581 "," 5,470 "," 5,356 "," 4,958 "," 4,843 "," 4,613 "," 13,042 "," 65,829 ",,,,,,,,,,,,,,,,,
Male," 1,455 "," 4,531 "," 4,561 "," 4,966 "," 5,420 "," 5,377 "," 5,107 "," 5,034 "," 4,533 "," 4,112 "," 3,825 "," 10,131 "," 59,052 ",,,,,,,,,,,,,,,,,
Indeterminate/Unknown, 14 , 21 , 15 , 10 , 7 , 3 , 4 , 1 , 2 , 2 , 4 , 2 , 85 ,,,,,,,,,,,,,,,,,
RANKIN                   ," 2,826 "," 9,650 "," 9,435 "," 9,823 "," 10,984 "," 10,277 "," 9,450 "," 8,952 "," 8,125 "," 7,867 "," 6,670 "," 14,023 "," 108,082 ",,,,,,,,,,,,,,,,,
Female," 1,462 "," 4,727 "," 4,609 "," 4,972 "," 5,654 "," 5,104 "," 4,754 "," 4,597 "," 4,111 "," 4,113 "," 3,492 "," 7,395 "," 54,990 ",,,,,,,,,,,,,,,,,
Male," 1,352 "," 4,911 "," 4,814 "," 4,839 "," 5,327 "," 5,172 "," 4,695 "," 4,354 "," 4,014 "," 3,753 "," 3,178 "," 6,627 "," 53,036 ",,,,,,,,,,,,,,,,,
Indeterminate/Unknown, 12 , 12 , 12 , 12 , 3 , 1 , 1 , 1 , - , 1 , - , 1 , 56 ,,,,,,,,,,,,,,,,,
RYAN                     ," 4,391 "," 11,892 "," 8,745 "," 7,960 "," 9,023 "," 10,308 "," 10,538 "," 10,085 "," 8,183 "," 7,195 "," 6,319 "," 16,724 "," 111,363 ",,,,,,,,,,,,,,,,,
Female," 2,206 "," 5,767 "," 4,053 "," 3,985 "," 4,682 "," 5,285 "," 5,492 "," 5,077 "," 4,206 "," 3,703 "," 3,383 "," 9,132 "," 56,971 ",,,,,,,,,,,,,,,,,
Male," 2,162 "," 6,085 "," 4,675 "," 3,958 "," 4,335 "," 5,017 "," 5,044 "," 5,006 "," 3,976 "," 3,491 "," 2,936 "," 7,592 "," 54,277 ",,,,,,,,,,,,,,,,,
Indeterminate/Unknown, 23 , 40 , 17 , 17 , 6 , 6 , 2 , 2 , 1 , 1 , - , - , 115 ,,,,,,,,,,,,,,,,,
WIDE BAY                 ," 2,095 "," 6,214 "," 5,932 "," 6,023 "," 6,809 "," 7,707 "," 8,880 "," 9,953 "," 10,645 "," 12,038 "," 11,671 "," 27,453 "," 115,420 ",,,,,,,,,,,,,,,,,
Female," 1,064 "," 3,016 "," 2,862 "," 3,076 "," 3,593 "," 4,023 "," 4,567 "," 5,072 "," 5,640 "," 6,255 "," 5,868 "," 13,836 "," 58,872 ",,,,,,,,,,,,,,,,,
Male," 1,027 "," 3,191 "," 3,067 "," 2,946 "," 3,213 "," 3,683 "," 4,310 "," 4,877 "," 5,004 "," 5,781 "," 5,801 "," 13,615 "," 56,515 ",,,,,,,,,,,,,,,,,
Indeterminate/Unknown, 4 , 7 , 3 , 1 , 3 , 1 , 3 , 4 , 1 , 2 , 2 , 2 , 33 ,,,,,,,,,,,,,,,,,
WRIGHT                   ," 3,173 "," 9,086 "," 8,943 "," 9,564 "," 10,643 "," 10,580 "," 11,233 "," 11,694 "," 11,029 "," 10,440 "," 8,899 "," 18,600 "," 123,884 ",,,,,,,,,,,,,,,,,
Female," 1,643 "," 4,476 "," 4,597 "," 4,979 "," 5,566 "," 5,376 "," 5,738 "," 5,943 "," 5,578 "," 5,254 "," 4,455 "," 9,322 "," 62,927 ",,,,,,,,,,,,,,,,,
Male," 1,520 "," 4,604 "," 4,342 "," 4,577 "," 5,074 "," 5,201 "," 5,494 "," 5,748 "," 5,451 "," 5,184 "," 4,444 "," 9,277 "," 60,916 ",,,,,,,,,,,,,,,,,
Indeterminate/Unknown, 10 , 6 , 4 , 8 , 3 , 3 , 1 , 3 , - , 2 , - , 1 , 41 ,,,,,,,,,,,,,,,,,
WA ," 43,198 "," 131,747 "," 138,064 "," 150,656 "," 164,743 "," 154,245 "," 148,757 "," 154,991 "," 143,669 "," 137,346 "," 122,580 "," 283,973 "," 1,773,969 ",,,,,,,,,,,,,,,,,
BRAND                    ," 2,996 "," 9,719 "," 10,772 "," 11,520 "," 11,901 "," 10,567 "," 10,188 "," 10,328 "," 9,438 "," 8,307 "," 6,857 "," 15,632 "," 118,225 ",,,,,,,,,,,,,,,,,
Female," 1,508 "," 4,834 "," 5,430 "," 5,921 "," 5,996 "," 5,235 "," 5,127 "," 5,143 "," 4,720 "," 4,150 "," 3,638 "," 8,327 "," 60,029 ",,,,,,,,,,,,,,,,,
Male," 1,480 "," 4,875 "," 5,333 "," 5,592 "," 5,902 "," 5,331 "," 5,060 "," 5,185 "," 4,716 "," 4,156 "," 3,217 "," 7,304 "," 58,151 ",,,,,,,,,,,,,,,,,
Indeterminate/Unknown, 8 , 10 , 9 , 7 , 3 , 1 , 1 , - , 2 , 1 , 2 , 1 , 45 ,,,,,,,,,,,,,,,,,
BURT                     ," 2,923 "," 9,362 "," 9,742 "," 10,911 "," 12,892 "," 11,608 "," 9,544 "," 8,969 "," 7,983 "," 7,358 "," 6,704 "," 15,028 "," 113,024 ",,,,,,,,,,,,,,,,,
Female," 1,476 "," 4,662 "," 4,882 "," 5,507 "," 6,297 "," 5,458 "," 4,564 "," 4,400 "," 3,939 "," 3,760 "," 3,482 "," 8,090 "," 56,517 ",,,,,,,,,,,,,,,,,
Male," 1,438 "," 4,685 "," 4,853 "," 5,401 "," 6,593 "," 6,144 "," 4,979 "," 4,567 "," 4,042 "," 3,595 "," 3,220 "," 6,938 "," 56,455 ",,,,,,,,,,,,,,,,,
Indeterminate/Unknown, 9 , 15 , 7 , 3 , 2 , 6 , 1 , 2 , 2 , 3 , 2 , - , 52 ,,,,,,,,,,,,,,,,,
CANNING                  ," 2,722 "," 7,684 "," 7,919 "," 8,572 "," 9,000 "," 8,412 "," 8,384 "," 9,508 "," 9,482 "," 9,737 "," 9,332 "," 24,558 "," 115,310 ",,,,,,,,,,,,,,,,,
Female," 1,391 "," 3,844 "," 3,998 "," 4,410 "," 4,546 "," 4,221 "," 4,252 "," 4,821 "," 4,731 "," 5,122 "," 4,918 "," 12,628 "," 58,882 ",,,,,,,,,,,,,,,,,
Male," 1,321 "," 3,829 "," 3,916 "," 4,157 "," 4,452 "," 4,187 "," 4,129 "," 4,683 "," 4,748 "," 4,614 "," 4,412 "," 11,930 "," 56,378 ",,,,,,,,,,,,,,,,,
Indeterminate/Unknown, 10 , 11 , 5 , 5 , 2 , 4 , 3 , 4 , 3 , 1 , 2 , - , 50 ,,,,,,,,,,,,,,,,,
COWAN                    ," 2,832 "," 9,399 "," 10,023 "," 10,635 "," 11,652 "," 10,176 "," 9,739 "," 10,085 "," 9,706 "," 9,516 "," 8,632 "," 20,346 "," 122,741 ",,,,,,,,,,,,,,,,,
Female," 1,423 "," 4,676 "," 4,898 "," 5,259 "," 5,694 "," 4,936 "," 4,879 "," 5,024 "," 4,913 "," 4,828 "," 4,557 "," 10,977 "," 62,064 ",,,,,,,,,,,,,,,,,
Male," 1,402 "," 4,704 "," 5,114 "," 5,374 "," 5,955 "," 5,238 "," 4,857 "," 5,059 "," 4,792 "," 4,688 "," 4,075 "," 9,369 "," 60,627 ",,,,,,,,,,,,,,,,,
Indeterminate/Unknown, 7 , 19 , 11 , 2 , 3 , 2 , 3 , 2 , 1 , - , - , - , 50 ,,,,,,,,,,,,,,,,,
CURTIN                   ," 3,515 "," 9,055 "," 8,611 "," 9,370 "," 9,992 "," 9,756 "," 9,932 "," 10,601 "," 9,493 "," 8,796 "," 8,067 "," 22,209 "," 119,397 ",,,,,,,,,,,,,,,,,
Female," 1,739 "," 4,550 "," 4,311 "," 4,707 "," 5,146 "," 4,969 "," 5,077 "," 5,494 "," 4,931 "," 4,543 "," 4,247 "," 12,364 "," 62,078 ",,,,,,,,,,,,,,,,,
Male," 1,762 "," 4,492 "," 4,290 "," 4,656 "," 4,841 "," 4,784 "," 4,854 "," 5,107 "," 4,562 "," 4,253 "," 3,819 "," 9,845 "," 57,265 ",,,,,,,,,,,,,,,,,
Indeterminate/Unknown, 14 , 13 , 10 , 7 , 5 , 3 , 1 , - , - , - , 1 , - , 54 ,,,,,,,,,,,,,,,,,
DURACK                   ," 1,988 "," 7,127 "," 8,759 "," 10,613 "," 11,442 "," 10,701 "," 10,463 "," 11,539 "," 10,691 "," 10,208 "," 8,588 "," 16,439 "," 118,558 ",,,,,,,,,,,,,,,,,
Female," 1,020 "," 3,565 "," 4,509 "," 5,475 "," 5,914 "," 5,347 "," 5,148 "," 5,639 "," 5,163 "," 4,844 "," 4,113 "," 7,895 "," 58,632 ",,,,,,,,,,,,,,,,,
Male, 962 ," 3,557 "," 4,247 "," 5,135 "," 5,527 "," 5,353 "," 5,312 "," 5,899 "," 5,525 "," 5,364 "," 4,474 "," 8,543 "," 59,898 ",,,,,,,,,,,,,,,,,
Indeterminate/Unknown, 6 , 5 , 3 , 3 , 1 , 1 , 3 , 1 , 3 , - , 1 , 1 , 28 ,,,,,,,,,,,,,,,,,
FORREST                  ," 2,534 "," 6,852 "," 7,020 "," 8,021 "," 9,143 "," 9,484 "," 9,730 "," 10,101 "," 9,541 "," 10,025 "," 9,440 "," 21,257 "," 113,148 ",,,,,,,,,,,,,,,,,
Female," 1,281 "," 3,339 "," 3,481 "," 4,088 "," 4,784 "," 4,823 "," 4,880 "," 5,228 "," 4,827 "," 5,312 "," 4,818 "," 11,142 "," 58,003 ",,,,,,,,,,,,,,,,,
Male," 1,238 "," 3,504 "," 3,534 "," 3,929 "," 4,355 "," 4,660 "," 4,843 "," 4,872 "," 4,712 "," 4,712 "," 4,621 "," 10,114 "," 55,094 ",,,,,,,,,,,,,,,,,
Indeterminate/Unknown, 15 , 9 , 5 , 4 , 4 , 1 , 7 , 1 , 2 , 1 , 1 , 1 , 51 ,,,,,,,,,,,,,,,,,
FREMANTLE                ," 2,730 "," 8,809 "," 9,668 "," 10,755 "," 11,486 "," 10,636 "," 10,069 "," 10,428 "," 9,168 "," 8,709 "," 7,591 "," 16,856 "," 116,905 ",,,,,,,,,,,,,,,,,
Female," 1,433 "," 4,546 "," 4,955 "," 5,511 "," 5,715 "," 5,279 "," 5,069 "," 5,292 "," 4,713 "," 4,521 "," 3,960 "," 9,104 "," 60,098 ",,,,,,,,,,,,,,,,,
Male," 1,284 "," 4,246 "," 4,696 "," 5,235 "," 5,768 "," 5,355 "," 4,998 "," 5,134 "," 4,451 "," 4,186 "," 3,630 "," 7,751 "," 56,734 ",,,,,,,,,,,,,,,,,
Indeterminate/Unknown, 13 , 17 , 17 , 9 , 3 , 2 , 2 , 2 , 4 , 2 , 1 , 1 , 73 ,,,,,,,,,,,,,,,,,
HASLUCK                  ," 3,079 "," 8,968 "," 9,333 "," 10,895 "," 11,704 "," 10,753 "," 10,098 "," 10,598 "," 9,448 "," 8,574 "," 7,155 "," 17,037 "," 117,642 ",,,,,,,,,,,,,,,,,
Female," 1,557 "," 4,380 "," 4,701 "," 5,596 "," 5,711 "," 5,347 "," 5,101 "," 5,316 "," 4,749 "," 4,381 "," 3,687 "," 8,990 "," 59,516 ",,,,,,,,,,,,,,,,,
Male," 1,514 "," 4,566 "," 4,624 "," 5,291 "," 5,991 "," 5,403 "," 4,995 "," 5,279 "," 4,699 "," 4,190 "," 3,468 "," 8,046 "," 58,066 ",,,,,,,,,,,,,,,,,
Indeterminate/Unknown, 8 , 22 , 8 , 8 , 2 , 3 , 2 , 3 , - , 3 , - , 1 , 60 ,,,,,,,,,,,,,,,,,
MOORE                    ," 3,344 "," 8,944 "," 7,645 "," 7,845 "," 9,609 "," 10,011 "," 10,396 "," 11,139 "," 10,641 "," 10,610 "," 9,747 "," 19,481 "," 119,412 ",,,,,,,,,,,,,,,,,
Female," 1,637 "," 4,250 "," 3,614 "," 3,849 "," 4,882 "," 5,114 "," 5,256 "," 5,630 "," 5,575 "," 5,457 "," 5,058 "," 10,290 "," 60,612 ",,,,,,,,,,,,,,,,,
Male," 1,696 "," 4,682 "," 4,028 "," 3,995 "," 4,725 "," 4,895 "," 5,138 "," 5,508 "," 5,065 "," 5,152 "," 4,689 "," 9,191 "," 58,764 ",,,,,,,,,,,,,,,,,
Indeterminate/Unknown, 11 , 12 , 3 , 1 , 2 , 2 , 2 , 1 , 1 , 1 , - , - , 36 ,,,,,,,,,,,,,,,,,
O'CONNOR                 ," 2,357 "," 7,034 "," 7,815 "," 8,190 "," 8,770 "," 8,628 "," 9,300 "," 10,409 "," 10,785 "," 11,403 "," 10,208 "," 23,055 "," 117,954 ",,,,,,,,,,,,,,,,,
Female," 1,162 "," 3,452 "," 3,733 "," 4,162 "," 4,457 "," 4,430 "," 4,703 "," 5,124 "," 5,364 "," 5,615 "," 4,944 "," 11,497 "," 58,643 ",,,,,,,,,,,,,,,,,
Male," 1,187 "," 3,579 "," 4,075 "," 4,024 "," 4,312 "," 4,196 "," 4,596 "," 5,284 "," 5,418 "," 5,787 "," 5,263 "," 11,557 "," 59,278 ",,,,,,,,,,,,,,,,,
Indeterminate/Unknown, 8 , 3 , 7 , 4 , 1 , 2 , 1 , 1 , 3 , 1 , 1 , 1 , 33 ,,,,,,,,,,,,,,,,,
PEARCE                   ," 3,418 "," 10,046 "," 10,120 "," 11,028 "," 12,222 "," 11,174 "," 10,901 "," 11,027 "," 9,234 "," 7,242 "," 5,864 "," 13,020 "," 115,296 ",,,,,,,,,,,,,,,,,
Female," 1,744 "," 5,009 "," 5,147 "," 5,728 "," 6,298 "," 5,598 "," 5,563 "," 5,632 "," 4,623 "," 3,701 "," 3,119 "," 6,988 "," 59,150 ",,,,,,,,,,,,,,,,,
Male," 1,666 "," 5,026 "," 4,966 "," 5,297 "," 5,921 "," 5,575 "," 5,336 "," 5,395 "," 4,610 "," 3,539 "," 2,745 "," 6,032 "," 56,108 ",,,,,,,,,,,,,,,,,
Indeterminate/Unknown, 8 , 11 , 7 , 3 , 3 , 1 , 2 , - , 1 , 2 , - , - , 38 ,,,,,,,,,,,,,,,,,
PERTH                    ," 2,255 "," 8,337 "," 11,057 "," 12,966 "," 13,529 "," 11,341 "," 10,002 "," 9,956 "," 9,144 "," 8,590 "," 7,452 "," 18,090 "," 122,719 ",,,,,,,,,,,,,,,,,
Female," 1,158 "," 4,397 "," 5,532 "," 6,453 "," 6,401 "," 5,354 "," 4,900 "," 4,915 "," 4,498 "," 4,329 "," 3,823 "," 10,026 "," 61,786 ",,,,,,,,,,,,,,,,,
Male," 1,079 "," 3,913 "," 5,489 "," 6,491 "," 7,112 "," 5,981 "," 5,098 "," 5,039 "," 4,644 "," 4,260 "," 3,629 "," 8,063 "," 60,798 ",,,,,,,,,,,,,,,,,
Indeterminate/Unknown, 18 , 27 , 36 , 22 , 16 , 6 , 4 , 2 , 2 , 1 , - , 1 , 135 ,,,,,,,,,,,,,,,,,
SWAN                     ," 2,742 "," 10,399 "," 11,479 "," 11,766 "," 12,149 "," 10,609 "," 9,439 "," 9,506 "," 8,731 "," 8,583 "," 7,650 "," 18,282 "," 121,335 ",,,,,,,,,,,,,,,,,
Female," 1,401 "," 5,226 "," 5,511 "," 5,631 "," 5,809 "," 5,017 "," 4,554 "," 4,563 "," 4,366 "," 4,321 "," 4,021 "," 10,092 "," 60,512 ",,,,,,,,,,,,,,,,,
Male," 1,327 "," 5,147 "," 5,948 "," 6,121 "," 6,335 "," 5,589 "," 4,881 "," 4,940 "," 4,364 "," 4,261 "," 3,628 "," 8,189 "," 60,730 ",,,,,,,,,,,,,,,,,
Indeterminate/Unknown, 14 , 26 , 20 , 14 , 5 , 3 , 4 , 3 , 1 , 1 , 1 , 1 , 93 ,,,,,,,,,,,,,,,,,
TANGNEY                  ," 3,763 "," 10,012 "," 8,101 "," 7,569 "," 9,252 "," 10,389 "," 10,572 "," 10,797 "," 10,184 "," 9,688 "," 9,293 "," 22,683 "," 122,303 ",,,,,,,,,,,,,,,,,
Female," 1,870 "," 4,941 "," 3,786 "," 3,761 "," 4,792 "," 5,293 "," 5,395 "," 5,590 "," 5,305 "," 5,044 "," 4,918 "," 12,238 "," 62,933 ",,,,,,,,,,,,,,,,,
Male," 1,881 "," 5,051 "," 4,307 "," 3,803 "," 4,456 "," 5,092 "," 5,175 "," 5,207 "," 4,878 "," 4,642 "," 4,375 "," 10,444 "," 59,311 ",,,,,,,,,,,,,,,,,
Indeterminate/Unknown, 12 , 20 , 8 , 5 , 4 , 4 , 2 , - , 1 , 2 , - , 1 , 59 ,,,,,,,,,,,,,,,,,
SA ," 29,449 "," 89,336 "," 94,998 "," 97,258 "," 102,929 "," 97,400 "," 98,616 "," 107,411 "," 104,764 "," 106,650 "," 97,195 "," 246,041 "," 1,272,047 ",,,,,,,,,,,,,,,,,
ADELAIDE                 ," 3,059 "," 10,313 "," 11,896 "," 11,938 "," 12,098 "," 10,874 "," 10,489 "," 10,694 "," 9,889 "," 9,553 "," 8,581 "," 20,767 "," 130,151 ",,,,,,,,,,,,,,,,,
Female," 1,556 "," 5,280 "," 5,860 "," 5,733 "," 5,983 "," 5,251 "," 5,176 "," 5,284 "," 4,994 "," 4,891 "," 4,467 "," 11,645 "," 66,120 ",,,,,,,,,,,,,,,,,
Male," 1,485 "," 4,997 "," 6,011 "," 6,187 "," 6,111 "," 5,619 "," 5,309 "," 5,406 "," 4,895 "," 4,661 "," 4,114 "," 9,119 "," 63,914 ",,,,,,,,,,,,,,,,,
Indeterminate/Unknown, 18 , 36 , 25 , 18 , 4 , 4 , 4 , 4 , - , 1 , - , 3 , 117 ,,,,,,,,,,,,,,,,,
BARKER                   ," 2,519 "," 7,186 "," 7,780 "," 7,872 "," 8,408 "," 8,449 "," 9,041 "," 10,868 "," 11,020 "," 12,032 "," 11,210 "," 27,133 "," 123,518 ",,,,,,,,,,,,,,,,,
Female," 1,262 "," 3,556 "," 3,896 "," 3,962 "," 4,294 "," 4,312 "," 4,542 "," 5,501 "," 5,520 "," 6,073 "," 5,528 "," 14,103 "," 62,549 ",,,,,,,,,,,,,,,,,
Male," 1,249 "," 3,622 "," 3,881 "," 3,905 "," 4,113 "," 4,135 "," 4,499 "," 5,364 "," 5,495 "," 5,956 "," 5,680 "," 13,028 "," 60,927 ",,,,,,,,,,,,,,,,,
Indeterminate/Unknown, 8 , 8 , 3 , 5 , 1 , 2 , - , 3 , 5 , 3 , 2 , 2 , 42 ,,,,,,,,,,,,,,,,,
BOOTHBY                  ," 3,144 "," 9,423 "," 9,126 "," 9,279 "," 10,059 "," 10,099 "," 10,121 "," 10,379 "," 9,922 "," 10,268 "," 9,751 "," 27,195 "," 128,766 ",,,,,,,,,,,,,,,,,
Female," 1,568 "," 4,753 "," 4,490 "," 4,611 "," 5,166 "," 5,207 "," 5,083 "," 5,325 "," 5,187 "," 5,447 "," 5,244 "," 15,382 "," 67,463 ",,,,,,,,,,,,,,,,,
Male," 1,560 "," 4,646 "," 4,621 "," 4,660 "," 4,891 "," 4,889 "," 5,037 "," 5,053 "," 4,735 "," 4,820 "," 4,506 "," 11,811 "," 61,229 ",,,,,,,,,,,,,,,,,
Indeterminate/Unknown, 16 , 24 , 15 , 8 , 2 , 3 , 1 , 1 , - , 1 , 1 , 2 , 74 ,,,,,,,,,,,,,,,,,
GREY                     ," 2,253 "," 6,872 "," 8,155 "," 8,434 "," 8,573 "," 8,051 "," 8,850 "," 10,762 "," 11,408 "," 12,421 "," 11,388 "," 26,645 "," 123,812 ",,,,,,,,,,,,,,,,,
Female," 1,113 "," 3,381 "," 4,045 "," 4,248 "," 4,343 "," 4,025 "," 4,486 "," 5,407 "," 5,551 "," 6,116 "," 5,446 "," 13,644 "," 61,805 ",,,,,,,,,,,,,,,,,
Male," 1,132 "," 3,479 "," 4,104 "," 4,185 "," 4,229 "," 4,024 "," 4,362 "," 5,354 "," 5,857 "," 6,304 "," 5,941 "," 12,997 "," 61,968 ",,,,,,,,,,,,,,,,,
Indeterminate/Unknown, 8 , 12 , 6 , 1 , 1 , 2 , 2 , 1 , - , 1 , 1 , 4 , 39 ,,,,,,,,,,,,,,,,,
HINDMARSH                ," 2,839 "," 9,006 "," 9,876 "," 10,251 "," 10,404 "," 9,670 "," 9,755 "," 11,135 "," 11,070 "," 10,936 "," 9,230 "," 24,642 "," 128,814 ",,,,,,,,,,,,,,,,,
Female," 1,436 "," 4,490 "," 4,869 "," 5,060 "," 5,297 "," 4,841 "," 4,948 "," 5,666 "," 5,679 "," 5,592 "," 4,913 "," 13,746 "," 66,537 ",,,,,,,,,,,,,,,,,
Male," 1,389 "," 4,491 "," 4,999 "," 5,185 "," 5,106 "," 4,828 "," 4,807 "," 5,467 "," 5,391 "," 5,343 "," 4,317 "," 10,896 "," 62,219 ",,,,,,,,,,,,,,,,,
Indeterminate/Unknown, 14 , 25 , 8 , 6 , 1 , 1 , - , 2 , - , 1 , - , - , 58 ,,,,,,,,,,,,,,,,,
KINGSTON                 ," 3,033 "," 9,062 "," 9,890 "," 10,440 "," 10,919 "," 9,973 "," 9,830 "," 10,163 "," 9,770 "," 10,103 "," 9,485 "," 21,914 "," 124,582 ",,,,,,,,,,,,,,,,,
Female," 1,535 "," 4,495 "," 4,902 "," 5,174 "," 5,515 "," 5,040 "," 4,875 "," 5,177 "," 5,103 "," 5,342 "," 5,053 "," 11,835 "," 64,046 ",,,,,,,,,,,,,,,,,
Male," 1,478 "," 4,546 "," 4,978 "," 5,259 "," 5,398 "," 4,931 "," 4,954 "," 4,985 "," 4,666 "," 4,760 "," 4,431 "," 10,079 "," 60,465 ",,,,,,,,,,,,,,,,,
Indeterminate/Unknown, 20 , 21 , 10 , 7 , 6 , 2 , 1 , 1 , 1 , 1 , 1 , - , 71 ,,,,,,,,,,,,,,,,,
MAKIN                    ," 3,138 "," 9,154 "," 9,403 "," 9,779 "," 10,938 "," 10,444 "," 10,068 "," 10,372 "," 9,806 "," 9,323 "," 8,352 "," 22,466 "," 123,243 ",,,,,,,,,,,,,,,,,
Female," 1,553 "," 4,415 "," 4,482 "," 4,897 "," 5,511 "," 5,097 "," 4,987 "," 5,214 "," 4,984 "," 4,893 "," 4,458 "," 12,342 "," 62,833 ",,,,,,,,,,,,,,,,,
Male," 1,575 "," 4,724 "," 4,918 "," 4,877 "," 5,423 "," 5,346 "," 5,081 "," 5,154 "," 4,822 "," 4,427 "," 3,894 "," 10,122 "," 60,363 ",,,,,,,,,,,,,,,,,
Indeterminate/Unknown, 10 , 15 , 3 , 5 , 4 , 1 , - , 4 , - , 3 , - , 2 , 47 ,,,,,,,,,,,,,,,,,
MAYO                     ," 3,083 "," 7,664 "," 7,115 "," 7,897 "," 8,992 "," 9,269 "," 10,168 "," 11,514 "," 11,067 "," 12,214 "," 12,104 "," 29,680 "," 130,767 ",,,,,,,,,,,,,,,,,
Female," 1,576 "," 3,791 "," 3,564 "," 4,090 "," 4,706 "," 4,861 "," 5,327 "," 5,915 "," 5,683 "," 6,373 "," 6,296 "," 15,403 "," 67,585 ",,,,,,,,,,,,,,,,,
Male," 1,493 "," 3,855 "," 3,538 "," 3,800 "," 4,280 "," 4,405 "," 4,838 "," 5,599 "," 5,383 "," 5,837 "," 5,806 "," 14,277 "," 63,111 ",,,,,,,,,,,,,,,,,
Indeterminate/Unknown, 14 , 18 , 13 , 7 , 6 , 3 , 3 , - , 1 , 4 , 2 , - , 71 ,,,,,,,,,,,,,,,,,
SPENCE                   ," 3,077 "," 11,204 "," 12,975 "," 12,580 "," 12,488 "," 10,404 "," 9,870 "," 10,296 "," 10,387 "," 9,772 "," 8,064 "," 18,126 "," 129,243 ",,,,,,,,,,,,,,,,,
Female," 1,570 "," 5,613 "," 6,395 "," 6,362 "," 6,133 "," 5,151 "," 4,835 "," 5,117 "," 5,278 "," 4,979 "," 4,175 "," 9,919 "," 65,527 ",,,,,,,,,,,,,,,,,
Male," 1,489 "," 5,578 "," 6,569 "," 6,211 "," 6,348 "," 5,249 "," 5,034 "," 5,175 "," 5,107 "," 4,792 "," 3,887 "," 8,207 "," 63,646 ",,,,,,,,,,,,,,,,,
Indeterminate/Unknown, 18 , 13 , 11 , 7 , 7 , 4 , 1 , 4 , 2 , 1 , 2 , - , 70 ,,,,,,,,,,,,,,,,,
STURT                    ," 3,304 "," 9,452 "," 8,782 "," 8,788 "," 10,050 "," 10,167 "," 10,424 "," 11,228 "," 10,425 "," 10,028 "," 9,030 "," 27,473 "," 129,151 ",,,,,,,,,,,,,,,,,
Female," 1,602 "," 4,710 "," 4,206 "," 4,398 "," 5,098 "," 5,161 "," 5,256 "," 5,818 "," 5,317 "," 5,283 "," 4,870 "," 15,715 "," 67,434 ",,,,,,,,,,,,,,,,,
Male," 1,684 "," 4,719 "," 4,556 "," 4,381 "," 4,946 "," 5,004 "," 5,167 "," 5,408 "," 5,107 "," 4,745 "," 4,159 "," 11,758 "," 61,634 ",,,,,,,,,,,,,,,,,
Indeterminate/Unknown, 18 , 23 , 20 , 9 , 6 , 2 , 1 , 2 , 1 , - , 1 , - , 83 ,,,,,,,,,,,,,,,,,
TAS," 9,162 "," 27,080 "," 28,487 "," 28,954 "," 29,701 "," 28,878 "," 30,308 "," 34,179 "," 34,142 "," 36,983 "," 33,757 "," 80,700 "," 402,331 ",,,,,,,,,,,,,,,,,
BASS                     ," 1,839 "," 5,601 "," 5,961 "," 5,782 "," 5,674 "," 5,635 "," 5,902 "," 6,799 "," 6,592 "," 7,102 "," 6,520 "," 16,026 "," 79,433 ",,,,,,,,,,,,,,,,,
Female," 1,001 "," 2,724 "," 2,952 "," 2,888 "," 2,906 "," 2,959 "," 3,084 "," 3,508 "," 3,395 "," 3,687 "," 3,385 "," 8,678 "," 41,167 ",,,,,,,,,,,,,,,,,
Male, 831 ," 2,867 "," 3,000 "," 2,893 "," 2,763 "," 2,674 "," 2,815 "," 3,290 "," 3,196 "," 3,415 "," 3,135 "," 7,348 "," 38,227 ",,,,,,,,,,,,,,,,,
Indeterminate/Unknown, 7 , 10 , 9 , 1 , 5 , 2 , 3 , 1 , 1 , - , - , - , 39 ,,,,,,,,,,,,,,,,,
BRADDON                  ," 1,760 "," 5,325 "," 5,691 "," 5,524 "," 5,600 "," 5,548 "," 5,947 "," 7,069 "," 7,303 "," 7,841 "," 7,201 "," 17,718 "," 82,527 ",,,,,,,,,,,,,,,,,
Female, 922 ," 2,674 "," 2,854 "," 2,852 "," 2,850 "," 2,887 "," 3,040 "," 3,718 "," 3,752 "," 4,060 "," 3,739 "," 9,442 "," 42,790 ",,,,,,,,,,,,,,,,,
Male, 834 ," 2,645 "," 2,833 "," 2,671 "," 2,749 "," 2,660 "," 2,907 "," 3,350 "," 3,548 "," 3,779 "," 3,462 "," 8,276 "," 39,714 ",,,,,,,,,,,,,,,,,
Indeterminate/Unknown, 4 , 6 , 4 , 1 , 1 , 1 , - , 1 , 3 , 2 , - , - , 23 ,,,,,,,,,,,,,,,,,
CLARK                    ," 1,982 "," 5,713 "," 5,667 "," 5,893 "," 5,920 "," 5,637 "," 5,907 "," 6,270 "," 5,985 "," 6,191 "," 5,662 "," 13,970 "," 74,797 ",,,,,,,,,,,,,,,,,
Female," 1,025 "," 2,872 "," 2,765 "," 2,934 "," 2,935 "," 2,938 "," 3,057 "," 3,238 "," 3,088 "," 3,266 "," 2,967 "," 7,799 "," 38,884 ",,,,,,,,,,,,,,,,,
Male, 940 ," 2,813 "," 2,885 "," 2,946 "," 2,977 "," 2,695 "," 2,847 "," 3,029 "," 2,897 "," 2,925 "," 2,694 "," 6,171 "," 35,819 ",,,,,,,,,,,,,,,,,
Indeterminate/Unknown, 17 , 28 , 17 , 13 , 8 , 4 , 3 , 3 , - , - , 1 , - , 94 ,,,,,,,,,,,,,,,,,
FRANKLIN                 ," 1,870 "," 5,052 "," 5,313 "," 5,793 "," 6,438 "," 6,219 "," 6,304 "," 6,769 "," 6,475 "," 7,242 "," 6,656 "," 16,200 "," 80,331 ",,,,,,,,,,,,,,,,,
Female, 911 ," 2,432 "," 2,664 "," 2,982 "," 3,378 "," 3,290 "," 3,278 "," 3,521 "," 3,481 "," 3,815 "," 3,473 "," 8,795 "," 42,020 ",,,,,,,,,,,,,,,,,
Male, 946 ," 2,611 "," 2,640 "," 2,800 "," 3,056 "," 2,929 "," 3,026 "," 3,247 "," 2,992 "," 3,422 "," 3,183 "," 7,404 "," 38,256 ",,,,,,,,,,,,,,,,,
Indeterminate/Unknown, 13 , 9 , 9 , 11 , 4 , - , - , 1 , 2 , 5 , - , 1 , 55 ,,,,,,,,,,,,,,,,,
LYONS                    ," 1,711 "," 5,389 "," 5,855 "," 5,962 "," 6,069 "," 5,839 "," 6,248 "," 7,272 "," 7,787 "," 8,607 "," 7,718 "," 16,786 "," 85,243 ",,,,,,,,,,,,,,,,,
Female, 829 ," 2,690 "," 2,993 "," 3,103 "," 3,144 "," 2,997 "," 3,198 "," 3,764 "," 3,981 "," 4,303 "," 3,847 "," 8,461 "," 43,310 ",,,,,,,,,,,,,,,,,
Male, 876 ," 2,690 "," 2,861 "," 2,856 "," 2,922 "," 2,840 "," 3,046 "," 3,505 "," 3,805 "," 4,302 "," 3,871 "," 8,325 "," 41,899 ",,,,,,,,,,,,,,,,,
Indeterminate/Unknown, 6 , 9 , 1 , 3 , 3 , 2 , 4 , 3 , 1 , 2 , - , - , 34 ,,,,,,,,,,,,,,,,,
ACT," 8,857 "," 25,947 "," 28,547 "," 30,132 "," 32,424 "," 30,214 "," 27,706 "," 26,188 "," 22,603 "," 20,778 "," 17,744 "," 43,189 "," 314,329 ",,,,,,,,,,,,,,,,,
BEAN                     ," 2,720 "," 7,801 "," 9,061 "," 9,856 "," 10,589 "," 9,672 "," 9,271 "," 9,425 "," 8,753 "," 8,429 "," 7,150 "," 16,830 "," 109,557 ",,,,,,,,,,,,,,,,,
Female," 1,297 "," 3,838 "," 4,479 "," 5,001 "," 5,348 "," 4,882 "," 4,691 "," 4,856 "," 4,604 "," 4,412 "," 3,724 "," 9,249 "," 56,381 ",,,,,,,,,,,,,,,,,
Male," 1,407 "," 3,941 "," 4,573 "," 4,851 "," 5,237 "," 4,784 "," 4,579 "," 4,568 "," 4,148 "," 4,016 "," 3,426 "," 7,581 "," 53,111 ",,,,,,,,,,,,,,,,,
Indeterminate/Unknown, 16 , 22 , 9 , 4 , 4 , 6 , 1 , 1 , 1 , 1 , - , - , 65 ,,,,,,,,,,,,,,,,,
CANBERRA                 ," 3,339 "," 10,038 "," 10,279 "," 9,564 "," 9,268 "," 8,748 "," 8,041 "," 8,153 "," 7,090 "," 6,655 "," 5,686 "," 15,335 "," 102,196 ",,,,,,,,,,,,,,,,,
Female," 1,696 "," 5,066 "," 5,137 "," 4,709 "," 4,644 "," 4,448 "," 4,071 "," 4,094 "," 3,604 "," 3,481 "," 3,000 "," 8,467 "," 52,417 ",,,,,,,,,,,,,,,,,
Male," 1,623 "," 4,921 "," 5,106 "," 4,824 "," 4,614 "," 4,297 "," 3,964 "," 4,057 "," 3,484 "," 3,173 "," 2,686 "," 6,867 "," 49,616 ",,,,,,,,,,,,,,,,,
Indeterminate/Unknown, 20 , 51 , 36 , 31 , 10 , 3 , 6 , 2 , 2 , 1 , - , 1 , 163 ,,,,,,,,,,,,,,,,,
FENNER                   ," 2,798 "," 8,108 "," 9,207 "," 10,712 "," 12,567 "," 11,794 "," 10,394 "," 8,610 "," 6,760 "," 5,694 "," 4,908 "," 11,024 "," 102,576 ",,,,,,,,,,,,,,,,,
Female," 1,397 "," 4,023 "," 4,563 "," 5,490 "," 6,438 "," 5,836 "," 5,160 "," 4,205 "," 3,385 "," 2,963 "," 2,642 "," 6,031 "," 52,133 ",,,,,,,,,,,,,,,,,
Male," 1,389 "," 4,066 "," 4,631 "," 5,214 "," 6,125 "," 5,954 "," 5,230 "," 4,405 "," 3,373 "," 2,731 "," 2,266 "," 4,991 "," 50,375 ",,,,,,,,,,,,,,,,,
Indeterminate/Unknown, 12 , 19 , 13 , 8 , 4 , 4 , 4 , - , 2 , - , - , 2 , 68 ,,,,,,,,,,,,,,,,,
NT ," 2,455 "," 11,032 "," 14,971 "," 16,514 "," 16,233 "," 14,463 "," 13,636 "," 13,889 "," 12,016 "," 10,235 "," 7,947 "," 12,547 "," 145,938 ",,,,,,,,,,,,,,,,,
LINGIARI                 ," 1,043 "," 5,434 "," 7,568 "," 8,595 "," 8,493 "," 7,386 "," 7,100 "," 7,364 "," 6,268 "," 5,277 "," 3,961 "," 5,561 "," 74,050 ",,,,,,,,,,,,,,,,,
Female, 544 ," 2,690 "," 4,015 "," 4,443 "," 4,330 "," 3,701 "," 3,569 "," 3,727 "," 3,104 "," 2,626 "," 1,894 "," 2,705 "," 37,348 ",,,,,,,,,,,,,,,,,
Male, 496 ," 2,733 "," 3,536 "," 4,141 "," 4,160 "," 3,678 "," 3,528 "," 3,632 "," 3,160 "," 2,649 "," 2,066 "," 2,855 "," 36,634 ",,,,,,,,,,,,,,,,,
Indeterminate/Unknown, 3 , 11 , 17 , 11 , 3 , 7 , 3 , 5 , 4 , 2 , 1 , 1 , 68 ,,,,,,,,,,,,,,,,,
SOLOMON                  ," 1,412 "," 5,598 "," 7,403 "," 7,919 "," 7,740 "," 7,077 "," 6,536 "," 6,525 "," 5,748 "," 4,958 "," 3,986 "," 6,986 "," 71,888 ",,,,,,,,,,,,,,,,,
Female, 700 ," 2,753 "," 3,619 "," 3,942 "," 3,846 "," 3,593 "," 3,126 "," 3,189 "," 2,760 "," 2,410 "," 1,925 "," 3,428 "," 35,291 ",,,,,,,,,,,,,,,,,
Male, 706 ," 2,836 "," 3,777 "," 3,974 "," 3,886 "," 3,482 "," 3,409 "," 3,336 "," 2,986 "," 2,544 "," 2,061 "," 3,557 "," 36,554 ",,,,,,,,,,,,,,,,,
Indeterminate/Unknown, 6 , 9 , 7 , 3 , 8 , 2 , 1 , - , 2 , 4 , - , 1 , 43 ,,,,,,,,,,,,,,,,,
Grand Total," 416,916 "," 1,281,989 "," 1,355,503 "," 1,419,242 "," 1,506,542 "," 1,440,102 "," 1,429,779 "," 1,472,566 "," 1,381,246 "," 1,363,449 "," 1,212,827 "," 2,948,739 "," 17,228,900 ",,,,,,,,,,,,,,,,,
,,,,,,,,,,,,,,,,,,,,,,,,,,,,,,
,,,,,,,,,,,,,,,,,,,,,,,,,,,,,,
,,,,,,,,,,,,,,,,,,,,,,,,,,,,,,
,,,,,,,,,,,,,,,,,,,,,,,,,,,,,,
,,,,,,,,,,,,,,,,,,,,,,,,,,,,,,
,,,,,,,,,,,,,,,,,,,,,,,,,,,,,,
,,,,,,,,,,,,,,,,,,,,,,,,,,,,,,
,,,,,,,,,,,,,,,,,,,,,,,,,,,,,,
,,,,,,,,,,,,,,,,,,,,,,,,,,,,,,
